date,symbol,strategy,close,rsi,adx,vol_ratio,roc10,is_new
2026-07-11,2162,trending,84.1,73.8,34.7,1.55,33.81,True
2026-07-11,1347,trending,185.5,56.0,31.5,1.47,-3.79,True
2026-07-11,2715,trending,21.44,55.6,30.6,1.42,17.8,True
2026-07-11,2269,trending,37.96,65.7,28.0,1.35,14.68,True
2026-07-11,992,trending,24.48,59.8,30.7,1.29,2.09,True
2026-07-11,6990,trending,516.5,64.3,25.7,1.28,25.18,True
2026-07-11,80992,trending,21.2,59.6,30.5,1.21,1.63,True
2026-07-11,6821,trending,121.9,63.5,30.8,1.17,12.35,True
2026-07-11,2359,trending,155.1,66.3,28.7,0.95,6.97,True
2026-07-11,3396,trending,14.23,50.8,28.6,0.9,-8.55,True
2026-07-11,2768,trending,52.7,60.7,27.6,0.71,10.76,True
2026-07-11,3759,early_uptrend,22.6,80.9,41.4,2.62,34.93,True
2026-07-11,2319,early_uptrend,17.21,55.2,16.6,1.38,3.93,True
2026-07-11,2269,early_uptrend,37.96,65.7,28.0,1.35,14.68,True
2026-07-11,6990,early_uptrend,516.5,64.3,25.7,1.28,25.18,True
2026-07-11,3759,reversal,22.6,80.9,41.4,2.62,34.93,True
2026-07-11,6682,reversal,30.36,57.2,24.2,1.89,21.34,True
2026-07-11,1618,reversal,1.47,56.8,24.6,1.78,8.89,True
2026-07-11,80700,reversal,397.2,53.7,18.7,1.6,8.11,True
2026-07-11,1177,reversal,5.19,62.5,27.9,1.53,21.83,True
2026-07-11,3896,reversal,5.68,52.4,28.3,1.51,25.66,True
2026-07-11,2595,reversal,38.36,67.8,30.7,1.49,50.43,True
2026-07-11,9863,reversal,37.74,50.1,26.3,1.46,6.01,True
2026-07-11,1093,reversal,8.11,62.5,28.3,1.45,21.95,True
2026-07-11,2319,reversal,17.21,55.2,16.6,1.38,3.93,True
2026-07-11,9973,reversal,26.76,55.8,29.0,1.33,7.38,True
2026-07-11,80388,reversal,333.0,52.5,28.6,1.3,4.72,True
2026-07-11,1810,reversal,25.84,54.8,36.2,1.24,15.87,True
2026-07-11,501,reversal,78.65,50.4,16.8,1.24,9.24,True
2026-07-11,2313,reversal,43.7,55.5,18.7,1.22,8.81,True
2026-07-11,388,reversal,385.0,53.2,29.1,1.2,5.02,True
2026-07-11,700,reversal,460.2,54.7,18.7,1.17,9.21,True
2026-07-11,27,reversal,31.48,55.3,26.1,1.17,5.78,True
2026-07-11,1877,reversal,19.37,56.3,24.3,1.17,20.01,True
2026-07-11,2637,reversal,205.4,55.9,25.1,1.16,21.61,True
2026-07-11,300,reversal,88.75,56.2,16.3,1.12,12.06,True
2026-07-11,241,reversal,3.47,50.8,31.2,1.08,8.78,True
2026-07-11,6693,reversal,28.48,50.9,22.9,1.05,21.71,True
2026-07-11,2714,reversal,32.4,51.5,24.1,1.04,15.88,True
2026-07-11,89618,reversal,95.55,52.3,18.4,1.01,7.48,True
2026-07-11,1070,reversal,14.53,55.5,23.3,1.01,14.77,True
2026-07-11,1698,reversal,35.04,52.4,13.2,1.0,8.89,True
2026-07-11,9899,reversal,120.5,58.3,16.1,0.99,17.56,True
2026-07-11,6160,reversal,183.5,59.9,26.2,0.93,9.88,True
2026-07-11,268,reversal,6.98,51.8,21.2,0.93,16.14,True
2026-07-11,9618,reversal,110.2,54.1,24.1,0.91,11.59,True
2026-07-11,89888,reversal,100.0,51.5,18.0,0.89,11.23,True
2026-07-11,392,reversal,29.2,52.6,29.2,0.89,5.57,True
2026-07-11,1997,reversal,22.84,54.0,17.2,0.88,1.24,True
2026-07-11,9988,reversal,110.2,55.3,31.3,0.87,16.0,True
2026-07-11,9987,reversal,337.2,50.8,24.4,0.87,5.51,True
2026-07-11,6618,reversal,37.3,51.9,25.7,0.86,12.55,True
2026-07-11,1308,reversal,33.52,52.7,13.2,0.86,6.89,True
2026-07-11,13,reversal,17.71,51.3,34.0,0.83,7.92,True
2026-07-11,220,reversal,7.38,50.8,20.0,0.81,7.74,True
2026-07-11,175,reversal,18.64,50.3,19.3,0.79,8.25,True
2026-07-11,316,reversal,128.8,50.7,14.8,0.78,7.15,True
2026-07-11,1211,reversal,84.9,52.1,25.0,0.77,11.64,True
2026-07-11,2228,reversal,7.92,55.6,28.5,0.77,16.99,True
2026-07-11,83690,reversal,68.2,56.8,19.1,0.75,16.28,True
2026-07-11,9926,reversal,97.25,50.4,17.7,0.71,13.81,True
2026-07-11,7618,reversal,12.74,51.9,18.4,0.71,16.24,True
2026-07-11,1113,reversal,45.46,50.4,19.5,0.7,1.88,True
2026-07-11,3690,reversal,78.7,56.7,18.5,0.69,19.06,True
2026-07-11,525,reversal,2.2,53.4,19.8,0.68,6.28,True
2026-07-11,2618,reversal,12.68,52.3,21.7,0.66,9.4,True
2026-07-11,874,reversal,15.2,50.8,24.5,0.66,5.12,True
2026-07-11,2423,reversal,40.62,50.9,13.6,0.65,8.2,True
2026-07-11,1919,reversal,13.93,51.5,11.2,0.64,5.53,True
2026-07-11,9888,reversal,115.4,51.6,17.8,0.62,11.61,True
2026-07-11,6823,reversal,11.95,50.6,18.2,0.62,2.14,True
2026-07-11,2602,reversal,17.91,53.8,18.2,0.62,12.5,True
2026-07-11,1910,reversal,13.94,50.1,20.8,0.62,2.65,True
2026-07-11,81810,reversal,22.38,54.8,36.7,0.61,15.84,True
2026-07-11,2268,reversal,60.3,60.1,28.2,0.61,6.07,True
2026-07-11,3933,reversal,9.13,54.6,25.4,0.59,11.07,True
2026-07-11,1768,reversal,368.2,53.7,24.9,0.58,19.55,True
2026-07-11,89988,reversal,95.2,54.9,34.2,0.57,15.6,True
2026-07-11,3866,reversal,4.47,50.2,18.4,0.53,1.82,True
2026-07-11,1066,reversal,3.29,50.1,25.0,0.53,6.13,True
2026-07-11,9898,reversal,60.35,54.5,29.0,0.53,6.63,True
2026-07-11,1513,reversal,25.7,51.3,19.7,0.51,6.82,True
2026-07-11,2343,reversal,3.01,52.1,17.0,0.51,5.99,True
2026-07-11,6,reversal,58.45,53.2,22.2,0.46,-0.43,True
2026-07-11,3998,reversal,4.75,69.2,24.4,0.4,30.85,True
2026-07-11,322,reversal,11.06,52.4,25.0,0.38,12.97,True
2026-07-11,81211,reversal,73.4,51.4,29.7,0.28,11.3,True
2026-07-11,2865,gaining_momentum,23.2,46.3,30.4,5.02,8.92,True
2026-07-11,763,gaining_momentum,25.7,55.4,19.2,2.63,3.05,True
2026-07-11,6682,gaining_momentum,30.36,57.2,24.2,1.89,21.34,True
2026-07-11,2162,trending,84.1,73.8,34.7,1.55,33.81,True
2026-07-11,1347,trending,185.5,56.0,31.5,1.47,-3.79,True
2026-07-11,2715,trending,21.44,55.6,30.6,1.42,17.8,True
2026-07-11,2269,trending,37.96,65.7,28.0,1.35,14.68,True
2026-07-11,992,trending,24.48,59.8,30.7,1.29,2.09,True
2026-07-11,6990,trending,516.5,64.3,25.7,1.28,25.18,True
2026-07-11,80992,trending,21.2,59.6,30.5,1.21,1.63,True
2026-07-11,6821,trending,121.9,63.5,30.8,1.17,12.35,True
2026-07-11,2359,trending,155.1,66.3,28.7,0.95,6.97,True
2026-07-11,3396,trending,14.23,50.8,28.6,0.9,-8.55,True
2026-07-11,2768,trending,52.7,60.7,27.6,0.71,10.76,True
2026-07-11,3759,early_uptrend,22.6,80.9,41.4,2.62,34.93,True
2026-07-11,2319,early_uptrend,17.21,55.2,16.6,1.38,3.93,True
2026-07-11,2269,early_uptrend,37.96,65.7,28.0,1.35,14.68,True
2026-07-11,6990,early_uptrend,516.5,64.3,25.7,1.28,25.18,True
2026-07-11,3759,reversal,22.6,80.9,41.4,2.62,34.93,True
2026-07-11,6682,reversal,30.36,57.2,24.2,1.89,21.34,True
2026-07-11,1618,reversal,1.47,56.8,24.6,1.78,8.89,True
2026-07-11,80700,reversal,397.2,53.7,18.7,1.6,8.11,True
2026-07-11,1177,reversal,5.19,62.5,27.9,1.53,21.83,True
2026-07-11,3896,reversal,5.68,52.4,28.3,1.51,25.66,True
2026-07-11,2595,reversal,38.36,67.8,30.7,1.49,50.43,True
2026-07-11,9863,reversal,37.74,50.1,26.3,1.46,6.01,True
2026-07-11,1093,reversal,8.11,62.5,28.3,1.45,21.95,True
2026-07-11,2319,reversal,17.21,55.2,16.6,1.38,3.93,True
2026-07-11,9973,reversal,26.76,55.8,29.0,1.33,7.38,True
2026-07-11,80388,reversal,333.0,52.5,28.6,1.3,4.72,True
2026-07-11,1810,reversal,25.84,54.8,36.2,1.24,15.87,True
2026-07-11,501,reversal,78.65,50.4,16.8,1.24,9.24,True
2026-07-11,2313,reversal,43.7,55.5,18.7,1.22,8.81,True
2026-07-11,388,reversal,385.0,53.2,29.1,1.2,5.02,True
2026-07-11,700,reversal,460.2,54.7,18.7,1.17,9.21,True
2026-07-11,27,reversal,31.48,55.3,26.1,1.17,5.78,True
2026-07-11,1877,reversal,19.37,56.3,24.3,1.17,20.01,True
2026-07-11,2637,reversal,205.4,55.9,25.1,1.16,21.61,True
2026-07-11,300,reversal,88.75,56.2,16.3,1.12,12.06,True
2026-07-11,241,reversal,3.47,50.8,31.2,1.08,8.78,True
2026-07-11,6693,reversal,28.48,50.9,22.9,1.05,21.71,True
2026-07-11,2714,reversal,32.4,51.5,24.1,1.04,15.88,True
2026-07-11,89618,reversal,95.55,52.3,18.4,1.01,7.48,True
2026-07-11,1070,reversal,14.53,55.5,23.3,1.01,14.77,True
2026-07-11,1698,reversal,35.04,52.4,13.2,1.0,8.89,True
2026-07-11,9899,reversal,120.5,58.3,16.1,0.99,17.56,True
2026-07-11,6160,reversal,183.5,59.9,26.2,0.93,9.88,True
2026-07-11,268,reversal,6.98,51.8,21.2,0.93,16.14,True
2026-07-11,9618,reversal,110.2,54.1,24.1,0.91,11.59,True
2026-07-11,89888,reversal,100.0,51.5,18.0,0.89,11.23,True
2026-07-11,392,reversal,29.2,52.6,29.2,0.89,5.57,True
2026-07-11,1997,reversal,22.84,54.0,17.2,0.88,1.24,True
2026-07-11,9988,reversal,110.2,55.3,31.3,0.87,16.0,True
2026-07-11,9987,reversal,337.2,50.8,24.4,0.87,5.51,True
2026-07-11,6618,reversal,37.3,51.9,25.7,0.86,12.55,True
2026-07-11,1308,reversal,33.52,52.7,13.2,0.86,6.89,True
2026-07-11,13,reversal,17.71,51.3,34.0,0.83,7.92,True
2026-07-11,220,reversal,7.38,50.8,20.0,0.81,7.74,True
2026-07-11,175,reversal,18.64,50.3,19.3,0.79,8.25,True
2026-07-11,316,reversal,128.8,50.7,14.8,0.78,7.15,True
2026-07-11,1211,reversal,84.9,52.1,25.0,0.77,11.64,True
2026-07-11,2228,reversal,7.92,55.6,28.5,0.77,16.99,True
2026-07-11,83690,reversal,68.2,56.8,19.1,0.75,16.28,True
2026-07-11,9926,reversal,97.25,50.4,17.7,0.71,13.81,True
2026-07-11,7618,reversal,12.74,51.9,18.4,0.71,16.24,True
2026-07-11,1113,reversal,45.46,50.4,19.5,0.7,1.88,True
2026-07-11,3690,reversal,78.7,56.7,18.5,0.69,19.06,True
2026-07-11,525,reversal,2.2,53.4,19.8,0.68,6.28,True
2026-07-11,2618,reversal,12.68,52.3,21.7,0.66,9.4,True
2026-07-11,874,reversal,15.2,50.8,24.5,0.66,5.12,True
2026-07-11,2423,reversal,40.62,50.9,13.6,0.65,8.2,True
2026-07-11,1919,reversal,13.93,51.5,11.2,0.64,5.53,True
2026-07-11,9888,reversal,115.4,51.6,17.8,0.62,11.61,True
2026-07-11,6823,reversal,11.95,50.6,18.2,0.62,2.14,True
2026-07-11,2602,reversal,17.91,53.8,18.2,0.62,12.5,True
2026-07-11,1910,reversal,13.94,50.1,20.8,0.62,2.65,True
2026-07-11,81810,reversal,22.38,54.8,36.7,0.61,15.84,True
2026-07-11,2268,reversal,60.3,60.1,28.2,0.61,6.07,True
2026-07-11,3933,reversal,9.13,54.6,25.4,0.59,11.07,True
2026-07-11,1768,reversal,368.2,53.7,24.9,0.58,19.55,True
2026-07-11,89988,reversal,95.2,54.9,34.2,0.57,15.6,True
2026-07-11,3866,reversal,4.47,50.2,18.4,0.53,1.82,True
2026-07-11,1066,reversal,3.29,50.1,25.0,0.53,6.13,True
2026-07-11,9898,reversal,60.35,54.5,29.0,0.53,6.63,True
2026-07-11,1513,reversal,25.7,51.3,19.7,0.51,6.82,True
2026-07-11,2343,reversal,3.01,52.1,17.0,0.51,5.99,True
2026-07-11,6,reversal,58.45,53.2,22.2,0.46,-0.43,True
2026-07-11,3998,reversal,4.75,69.2,24.4,0.4,30.85,True
2026-07-11,322,reversal,11.06,52.4,25.0,0.38,12.97,True
2026-07-11,81211,reversal,73.4,51.4,29.7,0.28,11.3,True
2026-07-11,2865,gaining_momentum,23.2,46.3,30.4,5.02,8.92,True
2026-07-11,763,gaining_momentum,25.7,55.4,19.2,2.63,3.05,True
2026-07-11,6682,gaining_momentum,30.36,57.2,24.2,1.89,21.34,True
2026-07-11,2162,trending,84.1,73.8,34.7,1.55,33.81,True
2026-07-11,1347,trending,185.5,56.0,31.5,1.47,-3.79,True
2026-07-11,2715,trending,21.44,55.6,30.6,1.42,17.8,True
2026-07-11,2269,trending,37.96,65.7,28.0,1.35,14.68,True
2026-07-11,992,trending,24.48,59.8,30.7,1.29,2.09,True
2026-07-11,6990,trending,516.5,64.3,25.7,1.28,25.18,True
2026-07-11,80992,trending,21.2,59.6,30.5,1.21,1.63,True
2026-07-11,6821,trending,121.9,63.5,30.8,1.17,12.35,True
2026-07-11,2359,trending,155.1,66.3,28.7,0.95,6.97,True
2026-07-11,3396,trending,14.23,50.8,28.6,0.9,-8.55,True
2026-07-11,2768,trending,52.7,60.7,27.6,0.71,10.76,True
2026-07-11,3759,early_uptrend,22.6,80.9,41.4,2.62,34.93,True
2026-07-11,2319,early_uptrend,17.21,55.2,16.6,1.38,3.93,True
2026-07-11,2269,early_uptrend,37.96,65.7,28.0,1.35,14.68,True
2026-07-11,6990,early_uptrend,516.5,64.3,25.7,1.28,25.18,True
2026-07-11,3759,reversal,22.6,80.9,41.4,2.62,34.93,True
2026-07-11,6682,reversal,30.36,57.2,24.2,1.89,21.34,True
2026-07-11,1618,reversal,1.47,56.8,24.6,1.78,8.89,True
2026-07-11,80700,reversal,397.2,53.7,18.7,1.6,8.11,True
2026-07-11,1177,reversal,5.19,62.5,27.9,1.53,21.83,True
2026-07-11,3896,reversal,5.68,52.4,28.3,1.51,25.66,True
2026-07-11,2595,reversal,38.36,67.8,30.7,1.49,50.43,True
2026-07-11,9863,reversal,37.74,50.1,26.3,1.46,6.01,True
2026-07-11,1093,reversal,8.11,62.5,28.3,1.45,21.95,True
2026-07-11,2319,reversal,17.21,55.2,16.6,1.38,3.93,True
2026-07-11,9973,reversal,26.76,55.8,29.0,1.33,7.38,True
2026-07-11,80388,reversal,333.0,52.5,28.6,1.3,4.72,True
2026-07-11,1810,reversal,25.84,54.8,36.2,1.24,15.87,True
2026-07-11,501,reversal,78.65,50.4,16.8,1.24,9.24,True
2026-07-11,2313,reversal,43.7,55.5,18.7,1.22,8.81,True
2026-07-11,388,reversal,385.0,53.2,29.1,1.2,5.02,True
2026-07-11,700,reversal,460.2,54.7,18.7,1.17,9.21,True
2026-07-11,27,reversal,31.48,55.3,26.1,1.17,5.78,True
2026-07-11,1877,reversal,19.37,56.3,24.3,1.17,20.01,True
2026-07-11,2637,reversal,205.4,55.9,25.1,1.16,21.61,True
2026-07-11,300,reversal,88.75,56.2,16.3,1.12,12.06,True
2026-07-11,241,reversal,3.47,50.8,31.2,1.08,8.78,True
2026-07-11,6693,reversal,28.48,50.9,22.9,1.05,21.71,True
2026-07-11,2714,reversal,32.4,51.5,24.1,1.04,15.88,True
2026-07-11,89618,reversal,95.55,52.3,18.4,1.01,7.48,True
2026-07-11,1070,reversal,14.53,55.5,23.3,1.01,14.77,True
2026-07-11,1698,reversal,35.04,52.4,13.2,1.0,8.89,True
2026-07-11,9899,reversal,120.5,58.3,16.1,0.99,17.56,True
2026-07-11,6160,reversal,183.5,59.9,26.2,0.93,9.88,True
2026-07-11,268,reversal,6.98,51.8,21.2,0.93,16.14,True
2026-07-11,9618,reversal,110.2,54.1,24.1,0.91,11.59,True
2026-07-11,89888,reversal,100.0,51.5,18.0,0.89,11.23,True
2026-07-11,392,reversal,29.2,52.6,29.2,0.89,5.57,True
2026-07-11,1997,reversal,22.84,54.0,17.2,0.88,1.24,True
2026-07-11,9988,reversal,110.2,55.3,31.3,0.87,16.0,True
2026-07-11,9987,reversal,337.2,50.8,24.4,0.87,5.51,True
2026-07-11,6618,reversal,37.3,51.9,25.7,0.86,12.55,True
2026-07-11,1308,reversal,33.52,52.7,13.2,0.86,6.89,True
2026-07-11,13,reversal,17.71,51.3,34.0,0.83,7.92,True
2026-07-11,220,reversal,7.38,50.8,20.0,0.81,7.74,True
2026-07-11,175,reversal,18.64,50.3,19.3,0.79,8.25,True
2026-07-11,316,reversal,128.8,50.7,14.8,0.78,7.15,True
2026-07-11,1211,reversal,84.9,52.1,25.0,0.77,11.64,True
2026-07-11,2228,reversal,7.92,55.6,28.5,0.77,16.99,True
2026-07-11,83690,reversal,68.2,56.8,19.1,0.75,16.28,True
2026-07-11,9926,reversal,97.25,50.4,17.7,0.71,13.81,True
2026-07-11,7618,reversal,12.74,51.9,18.4,0.71,16.24,True
2026-07-11,1113,reversal,45.46,50.4,19.5,0.7,1.88,True
2026-07-11,3690,reversal,78.7,56.7,18.5,0.69,19.06,True
2026-07-11,525,reversal,2.2,53.4,19.8,0.68,6.28,True
2026-07-11,2618,reversal,12.68,52.3,21.7,0.66,9.4,True
2026-07-11,874,reversal,15.2,50.8,24.5,0.66,5.12,True
2026-07-11,2423,reversal,40.62,50.9,13.6,0.65,8.2,True
2026-07-11,1919,reversal,13.93,51.5,11.2,0.64,5.53,True
2026-07-11,9888,reversal,115.4,51.6,17.8,0.62,11.61,True
2026-07-11,6823,reversal,11.95,50.6,18.2,0.62,2.14,True
2026-07-11,2602,reversal,17.91,53.8,18.2,0.62,12.5,True
2026-07-11,1910,reversal,13.94,50.1,20.8,0.62,2.65,True
2026-07-11,81810,reversal,22.38,54.8,36.7,0.61,15.84,True
2026-07-11,2268,reversal,60.3,60.1,28.2,0.61,6.07,True
2026-07-11,3933,reversal,9.13,54.6,25.4,0.59,11.07,True
2026-07-11,1768,reversal,368.2,53.7,24.9,0.58,19.55,True
2026-07-11,89988,reversal,95.2,54.9,34.2,0.57,15.6,True
2026-07-11,3866,reversal,4.47,50.2,18.4,0.53,1.82,True
2026-07-11,1066,reversal,3.29,50.1,25.0,0.53,6.13,True
2026-07-11,9898,reversal,60.35,54.5,29.0,0.53,6.63,True
2026-07-11,1513,reversal,25.7,51.3,19.7,0.51,6.82,True
2026-07-11,2343,reversal,3.01,52.1,17.0,0.51,5.99,True
2026-07-11,6,reversal,58.45,53.2,22.2,0.46,-0.43,True
2026-07-11,3998,reversal,4.75,69.2,24.4,0.4,30.85,True
2026-07-11,322,reversal,11.06,52.4,25.0,0.38,12.97,True
2026-07-11,81211,reversal,73.4,51.4,29.7,0.28,11.3,True
2026-07-11,2865,gaining_momentum,23.2,46.3,30.4,5.02,8.92,True
2026-07-11,763,gaining_momentum,25.7,55.4,19.2,2.63,3.05,True
2026-07-11,6682,gaining_momentum,30.36,57.2,24.2,1.89,21.34,True
2026-07-11,2162,trending,84.1,73.8,34.7,1.55,33.81,True
2026-07-11,1347,trending,185.5,56.0,31.5,1.47,-3.79,True
2026-07-11,2715,trending,21.44,55.6,30.6,1.42,17.8,True
2026-07-11,2269,trending,37.96,65.7,28.0,1.35,14.68,True
2026-07-11,992,trending,24.48,59.8,30.7,1.29,2.09,True
2026-07-11,6990,trending,516.5,64.3,25.7,1.28,25.18,True
2026-07-11,80992,trending,21.2,59.6,30.5,1.21,1.63,True
2026-07-11,6821,trending,121.9,63.5,30.8,1.17,12.35,True
2026-07-11,2359,trending,155.1,66.3,28.7,0.95,6.97,True
2026-07-11,3396,trending,14.23,50.8,28.6,0.9,-8.55,True
2026-07-11,2768,trending,52.7,60.7,27.6,0.71,10.76,True
2026-07-11,3759,early_uptrend,22.6,80.9,41.4,2.62,34.93,True
2026-07-11,6951,early_uptrend,105.0,99.5,40.2,1.92,77677.78,True
2026-07-11,2319,early_uptrend,17.21,55.2,16.6,1.38,3.93,True
2026-07-11,2269,early_uptrend,37.96,65.7,28.0,1.35,14.68,True
2026-07-11,6990,early_uptrend,516.5,64.3,25.7,1.28,25.18,True
2026-07-11,3759,reversal,22.6,80.9,41.4,2.62,34.93,True
2026-07-11,6951,reversal,105.0,99.5,40.2,1.92,77677.78,True
2026-07-11,6682,reversal,30.36,57.2,24.2,1.89,21.34,True
2026-07-11,1618,reversal,1.47,56.8,24.6,1.78,8.89,True
2026-07-11,80700,reversal,397.2,53.7,18.7,1.6,8.11,True
2026-07-11,1177,reversal,5.19,62.5,27.9,1.53,21.83,True
2026-07-11,3896,reversal,5.68,52.4,28.3,1.51,25.66,True
2026-07-11,2595,reversal,38.36,67.8,30.7,1.49,50.43,True
2026-07-11,9863,reversal,37.74,50.1,26.3,1.46,6.01,True
2026-07-11,1093,reversal,8.11,62.5,28.3,1.45,21.95,True
2026-07-11,2319,reversal,17.21,55.2,16.6,1.38,3.93,True
2026-07-11,9973,reversal,26.76,55.8,29.0,1.33,7.38,True
2026-07-11,80388,reversal,333.0,52.5,28.6,1.3,4.72,True
2026-07-11,1810,reversal,25.84,54.8,36.2,1.24,15.87,True
2026-07-11,501,reversal,78.65,50.4,16.8,1.24,9.24,True
2026-07-11,2313,reversal,43.7,55.5,18.7,1.22,8.81,True
2026-07-11,388,reversal,385.0,53.2,29.1,1.2,5.02,True
2026-07-11,700,reversal,460.2,54.7,18.7,1.17,9.21,True
2026-07-11,27,reversal,31.48,55.3,26.1,1.17,5.78,True
2026-07-11,1877,reversal,19.37,56.3,24.3,1.17,20.01,True
2026-07-11,2637,reversal,205.4,55.9,25.1,1.16,21.61,True
2026-07-11,300,reversal,88.75,56.2,16.3,1.12,12.06,True
2026-07-11,241,reversal,3.47,50.8,31.2,1.08,8.78,True
2026-07-11,6693,reversal,28.48,50.9,22.9,1.05,21.71,True
2026-07-11,2714,reversal,32.4,51.5,24.1,1.04,15.88,True
2026-07-11,89618,reversal,95.55,52.3,18.4,1.01,7.48,True
2026-07-11,1070,reversal,14.53,55.5,23.3,1.01,14.77,True
2026-07-11,1698,reversal,35.04,52.4,13.2,1.0,8.89,True
2026-07-11,9899,reversal,120.5,58.3,16.1,0.99,17.56,True
2026-07-11,6160,reversal,183.5,59.9,26.2,0.93,9.88,True
2026-07-11,268,reversal,6.98,51.8,21.2,0.93,16.14,True
2026-07-11,9618,reversal,110.2,54.1,24.1,0.91,11.59,True
2026-07-11,89888,reversal,100.0,51.5,18.0,0.89,11.23,True
2026-07-11,392,reversal,29.2,52.6,29.2,0.89,5.57,True
2026-07-11,1997,reversal,22.84,54.0,17.2,0.88,1.24,True
2026-07-11,9988,reversal,110.2,55.3,31.3,0.87,16.0,True
2026-07-11,9987,reversal,337.2,50.8,24.4,0.87,5.51,True
2026-07-11,6618,reversal,37.3,51.9,25.7,0.86,12.55,True
2026-07-11,1308,reversal,33.52,52.7,13.2,0.86,6.89,True
2026-07-11,13,reversal,17.71,51.3,34.0,0.83,7.92,True
2026-07-11,220,reversal,7.38,50.8,20.0,0.81,7.74,True
2026-07-11,175,reversal,18.64,50.3,19.3,0.79,8.25,True
2026-07-11,316,reversal,128.8,50.7,14.8,0.78,7.15,True
2026-07-11,1211,reversal,84.9,52.1,25.0,0.77,11.64,True
2026-07-11,2228,reversal,7.92,55.6,28.5,0.77,16.99,True
2026-07-11,83690,reversal,68.2,56.8,19.1,0.75,16.28,True
2026-07-11,9926,reversal,97.25,50.4,17.7,0.71,13.81,True
2026-07-11,7618,reversal,12.74,51.9,18.4,0.71,16.24,True
2026-07-11,1113,reversal,45.46,50.4,19.5,0.7,1.88,True
2026-07-11,3690,reversal,78.7,56.7,18.5,0.69,19.06,True
2026-07-11,525,reversal,2.2,53.4,19.8,0.68,6.28,True
2026-07-11,2618,reversal,12.68,52.3,21.7,0.66,9.4,True
2026-07-11,874,reversal,15.2,50.8,24.5,0.66,5.12,True
2026-07-11,2423,reversal,40.62,50.9,13.6,0.65,8.2,True
2026-07-11,1919,reversal,13.93,51.5,11.2,0.64,5.53,True
2026-07-11,9888,reversal,115.4,51.6,17.8,0.62,11.61,True
2026-07-11,6823,reversal,11.95,50.6,18.2,0.62,2.14,True
2026-07-11,2602,reversal,17.91,53.8,18.2,0.62,12.5,True
2026-07-11,1910,reversal,13.94,50.1,20.8,0.62,2.65,True
2026-07-11,81810,reversal,22.38,54.8,36.7,0.61,15.84,True
2026-07-11,2268,reversal,60.3,60.1,28.2,0.61,6.07,True
2026-07-11,3933,reversal,9.13,54.6,25.4,0.59,11.07,True
2026-07-11,1768,reversal,368.2,53.7,24.9,0.58,19.55,True
2026-07-11,89988,reversal,95.2,54.9,34.2,0.57,15.6,True
2026-07-11,3866,reversal,4.47,50.2,18.4,0.53,1.82,True
2026-07-11,1066,reversal,3.29,50.1,25.0,0.53,6.13,True
2026-07-11,9898,reversal,60.35,54.5,29.0,0.53,6.63,True
2026-07-11,1513,reversal,25.7,51.3,19.7,0.51,6.82,True
2026-07-11,2343,reversal,3.01,52.1,17.0,0.51,5.99,True
2026-07-11,6,reversal,58.45,53.2,22.2,0.46,-0.43,True
2026-07-11,3998,reversal,4.75,69.2,24.4,0.4,30.85,True
2026-07-11,322,reversal,11.06,52.4,25.0,0.38,12.97,True
2026-07-11,81211,reversal,73.4,51.4,29.7,0.28,11.3,True
2026-07-11,2865,gaining_momentum,23.2,46.3,30.4,5.02,8.92,True
2026-07-11,763,gaining_momentum,25.7,55.4,19.2,2.63,3.05,True
2026-07-11,6951,gaining_momentum,105.0,99.5,40.2,1.92,77677.78,True
2026-07-11,6682,gaining_momentum,30.36,57.2,24.2,1.89,21.34,True
2026-07-11,2162,trending,84.1,73.8,34.7,1.55,33.81,True
2026-07-11,1347,trending,185.5,56.0,31.5,1.47,-3.79,True
2026-07-11,2715,trending,21.44,55.6,30.6,1.42,17.8,True
2026-07-11,2269,trending,37.96,65.7,28.0,1.35,14.68,True
2026-07-11,992,trending,24.48,59.8,30.7,1.29,2.09,True
2026-07-11,6990,trending,516.5,64.3,25.7,1.28,25.18,True
2026-07-11,80992,trending,21.2,59.6,30.5,1.21,1.63,True
2026-07-11,6821,trending,121.9,63.5,30.8,1.17,12.35,True
2026-07-11,2359,trending,155.1,66.3,28.7,0.95,6.97,True
2026-07-11,3396,trending,14.23,50.8,28.6,0.9,-8.55,True
2026-07-11,2768,trending,52.7,60.7,27.6,0.71,10.76,True
2026-07-11,3759,early_uptrend,22.6,80.9,41.4,2.62,34.93,True
2026-07-11,2319,early_uptrend,17.21,55.2,16.6,1.38,3.93,True
2026-07-11,2269,early_uptrend,37.96,65.7,28.0,1.35,14.68,True
2026-07-11,6990,early_uptrend,516.5,64.3,25.7,1.28,25.18,True
2026-07-11,3759,reversal,22.6,80.9,41.4,2.62,34.93,True
2026-07-11,6682,reversal,30.36,57.2,24.2,1.89,21.34,True
2026-07-11,1618,reversal,1.47,56.8,24.6,1.78,8.89,True
2026-07-11,80700,reversal,397.2,53.7,18.7,1.6,8.11,True
2026-07-11,1177,reversal,5.19,62.5,27.9,1.53,21.83,True
2026-07-11,3896,reversal,5.68,52.4,28.3,1.51,25.66,True
2026-07-11,2595,reversal,38.36,67.8,30.7,1.49,50.43,True
2026-07-11,9863,reversal,37.74,50.1,26.3,1.46,6.01,True
2026-07-11,1093,reversal,8.11,62.5,28.3,1.45,21.95,True
2026-07-11,2319,reversal,17.21,55.2,16.6,1.38,3.93,True
2026-07-11,9973,reversal,26.76,55.8,29.0,1.33,7.38,True
2026-07-11,80388,reversal,333.0,52.5,28.6,1.3,4.72,True
2026-07-11,1810,reversal,25.84,54.8,36.2,1.24,15.87,True
2026-07-11,501,reversal,78.65,50.4,16.8,1.24,9.24,True
2026-07-11,2313,reversal,43.7,55.5,18.7,1.22,8.81,True
2026-07-11,388,reversal,385.0,53.2,29.1,1.2,5.02,True
2026-07-11,700,reversal,460.2,54.7,18.7,1.17,9.21,True
2026-07-11,27,reversal,31.48,55.3,26.1,1.17,5.78,True
2026-07-11,1877,reversal,19.37,56.3,24.3,1.17,20.01,True
2026-07-11,2637,reversal,205.4,55.9,25.1,1.16,21.61,True
2026-07-11,300,reversal,88.75,56.2,16.3,1.12,12.06,True
2026-07-11,241,reversal,3.47,50.8,31.2,1.08,8.78,True
2026-07-11,6693,reversal,28.48,50.9,22.9,1.05,21.71,True
2026-07-11,2714,reversal,32.4,51.5,24.1,1.04,15.88,True
2026-07-11,89618,reversal,95.55,52.3,18.4,1.01,7.48,True
2026-07-11,1070,reversal,14.53,55.5,23.3,1.01,14.77,True
2026-07-11,1698,reversal,35.04,52.4,13.2,1.0,8.89,True
2026-07-11,9899,reversal,120.5,58.3,16.1,0.99,17.56,True
2026-07-11,6160,reversal,183.5,59.9,26.2,0.93,9.88,True
2026-07-11,268,reversal,6.98,51.8,21.2,0.93,16.14,True
2026-07-11,9618,reversal,110.2,54.1,24.1,0.91,11.59,True
2026-07-11,89888,reversal,100.0,51.5,18.0,0.89,11.23,True
2026-07-11,392,reversal,29.2,52.6,29.2,0.89,5.57,True
2026-07-11,1997,reversal,22.84,54.0,17.2,0.88,1.24,True
2026-07-11,9988,reversal,110.2,55.3,31.3,0.87,16.0,True
2026-07-11,9987,reversal,337.2,50.8,24.4,0.87,5.51,True
2026-07-11,6618,reversal,37.3,51.9,25.7,0.86,12.55,True
2026-07-11,1308,reversal,33.52,52.7,13.2,0.86,6.89,True
2026-07-11,13,reversal,17.71,51.3,34.0,0.83,7.92,True
2026-07-11,220,reversal,7.38,50.8,20.0,0.81,7.74,True
2026-07-11,175,reversal,18.64,50.3,19.3,0.79,8.25,True
2026-07-11,316,reversal,128.8,50.7,14.8,0.78,7.15,True
2026-07-11,1211,reversal,84.9,52.1,25.0,0.77,11.64,True
2026-07-11,2228,reversal,7.92,55.6,28.5,0.77,16.99,True
2026-07-11,83690,reversal,68.2,56.8,19.1,0.75,16.28,True
2026-07-11,9926,reversal,97.25,50.4,17.7,0.71,13.81,True
2026-07-11,7618,reversal,12.74,51.9,18.4,0.71,16.24,True
2026-07-11,1113,reversal,45.46,50.4,19.5,0.7,1.88,True
2026-07-11,3690,reversal,78.7,56.7,18.5,0.69,19.06,True
2026-07-11,525,reversal,2.2,53.4,19.8,0.68,6.28,True
2026-07-11,2618,reversal,12.68,52.3,21.7,0.66,9.4,True
2026-07-11,874,reversal,15.2,50.8,24.5,0.66,5.12,True
2026-07-11,2423,reversal,40.62,50.9,13.6,0.65,8.2,True
2026-07-11,1919,reversal,13.93,51.5,11.2,0.64,5.53,True
2026-07-11,9888,reversal,115.4,51.6,17.8,0.62,11.61,True
2026-07-11,6823,reversal,11.95,50.6,18.2,0.62,2.14,True
2026-07-11,2602,reversal,17.91,53.8,18.2,0.62,12.5,True
2026-07-11,1910,reversal,13.94,50.1,20.8,0.62,2.65,True
2026-07-11,81810,reversal,22.38,54.8,36.7,0.61,15.84,True
2026-07-11,2268,reversal,60.3,60.1,28.2,0.61,6.07,True
2026-07-11,3933,reversal,9.13,54.6,25.4,0.59,11.07,True
2026-07-11,1768,reversal,368.2,53.7,24.9,0.58,19.55,True
2026-07-11,89988,reversal,95.2,54.9,34.2,0.57,15.6,True
2026-07-11,3866,reversal,4.47,50.2,18.4,0.53,1.82,True
2026-07-11,1066,reversal,3.29,50.1,25.0,0.53,6.13,True
2026-07-11,9898,reversal,60.35,54.5,29.0,0.53,6.63,True
2026-07-11,1513,reversal,25.7,51.3,19.7,0.51,6.82,True
2026-07-11,2343,reversal,3.01,52.1,17.0,0.51,5.99,True
2026-07-11,6,reversal,58.45,53.2,22.2,0.46,-0.43,True
2026-07-11,3998,reversal,4.75,69.2,24.4,0.4,30.85,True
2026-07-11,322,reversal,11.06,52.4,25.0,0.38,12.97,True
2026-07-11,81211,reversal,73.4,51.4,29.7,0.28,11.3,True
2026-07-11,2865,gaining_momentum,23.2,46.3,30.4,5.02,8.92,True
2026-07-11,763,gaining_momentum,25.7,55.4,19.2,2.63,3.05,True
2026-07-11,6682,gaining_momentum,30.36,57.2,24.2,1.89,21.34,True
2026-07-13,80992,trending,20.2,54.8,29.6,2.45,-0.79,True
2026-07-13,6990,trending,504.0,60.9,26.8,1.5,20.57,True
2026-07-13,6821,trending,121.7,63.3,32.1,1.25,9.34,True
2026-07-13,2162,trending,81.85,68.4,35.3,1.22,27.79,True
2026-07-13,992,trending,23.3,54.8,29.9,0.9,-0.6,True
2026-07-13,2269,trending,37.32,62.3,29.3,0.74,12.95,True
2026-07-13,2526,trending,401.0,58.9,37.8,0.71,34.11,True
2026-07-13,2359,trending,151.6,61.4,29.3,0.65,4.26,True
2026-07-13,2096,early_uptrend,12.46,72.9,42.5,1.64,34.41,True
2026-07-13,1070,early_uptrend,14.7,57.0,23.1,1.31,16.57,True
2026-07-13,9969,early_uptrend,14.18,70.2,38.6,1.23,30.69,True
2026-07-13,6655,reversal,13.26,50.8,28.0,2.74,13.14,True
2026-07-13,3866,reversal,4.5,52.0,17.2,1.73,4.41,True
2026-07-13,81810,reversal,22.28,54.0,35.3,1.56,19.78,True
2026-07-13,2638,reversal,6.35,55.3,21.0,1.47,2.42,True
2026-07-13,1177,reversal,5.16,61.3,28.7,1.36,21.13,True
2026-07-13,1070,reversal,14.7,57.0,23.1,1.31,16.57,True
2026-07-13,7618,reversal,13.46,58.4,18.2,1.3,25.68,True
2026-07-13,2388,reversal,46.44,55.1,22.3,1.28,1.93,True
2026-07-13,2423,reversal,41.78,55.3,13.3,1.26,16.25,True
2026-07-13,9899,reversal,120.0,57.6,16.9,1.25,18.46,True
2026-07-13,1768,reversal,379.2,56.5,24.5,1.15,30.13,True
2026-07-13,1997,reversal,23.1,56.8,17.3,1.15,5.67,True
2026-07-13,2319,reversal,16.9,51.3,16.1,1.15,1.5,True
2026-07-13,1308,reversal,33.26,50.8,12.5,1.14,4.72,True
2026-07-13,6823,reversal,12.08,56.0,16.9,1.14,3.25,True
2026-07-13,9618,reversal,113.2,58.7,23.6,1.12,17.92,True
2026-07-13,82388,reversal,40.14,55.1,20.3,1.09,1.67,True
2026-07-13,27,reversal,31.0,51.4,25.7,1.08,6.16,True
2026-07-13,3759,reversal,22.2,76.5,42.5,1.07,28.32,True
2026-07-13,1093,reversal,8.16,63.2,28.9,1.04,21.97,True
2026-07-13,291,reversal,22.92,51.7,26.5,1.0,7.1,True
2026-07-13,89988,reversal,95.75,55.7,33.2,0.99,23.71,True
2026-07-13,1810,reversal,25.84,54.8,34.8,0.99,20.63,True
2026-07-13,300,reversal,88.8,56.3,16.5,0.98,10.52,True
2026-07-13,3933,reversal,9.18,55.4,25.3,0.96,11.54,True
2026-07-13,1618,reversal,1.46,54.9,23.9,0.93,9.77,True
2026-07-13,9987,reversal,348.4,58.5,24.4,0.92,10.18,True
2026-07-13,3618,reversal,6.3,52.5,21.4,0.89,5.7,True
2026-07-13,1398,reversal,6.83,53.9,23.2,0.88,3.17,True
2026-07-13,9988,reversal,110.7,55.9,30.6,0.87,23.69,True
2026-07-13,392,reversal,29.82,58.1,28.6,0.87,9.07,True
2026-07-13,2714,reversal,32.16,50.4,22.8,0.86,10.67,True
2026-07-13,13,reversal,17.68,51.0,32.5,0.85,11.69,True
2026-07-13,80700,reversal,396.2,53.3,19.1,0.82,10.73,True
2026-07-13,3939,reversal,9.49,50.7,15.5,0.77,24.05,True
2026-07-13,1877,reversal,19.26,55.5,24.0,0.77,25.31,True
2026-07-13,2595,reversal,38.24,67.4,32.5,0.76,57.37,True
2026-07-13,3690,reversal,77.95,55.1,18.5,0.72,21.32,True
2026-07-13,700,reversal,457.6,53.6,19.0,0.71,11.12,True
2026-07-13,322,reversal,11.17,54.1,24.8,0.69,15.51,True
2026-07-13,874,reversal,15.3,52.9,23.0,0.69,7.82,True
2026-07-13,316,reversal,130.7,53.9,13.9,0.66,7.31,True
2026-07-13,1513,reversal,26.04,53.6,19.2,0.66,11.28,True
2026-07-13,1919,reversal,14.07,54.0,10.9,0.62,6.91,True
2026-07-13,1109,reversal,32.7,50.4,21.5,0.61,8.42,True
2026-07-13,2637,reversal,197.1,51.5,25.6,0.6,18.45,True
2026-07-13,1113,reversal,45.5,50.7,18.2,0.59,3.22,True
2026-07-13,388,reversal,387.6,55.5,27.9,0.58,7.01,True
2026-07-13,2228,reversal,7.72,52.0,29.1,0.57,14.37,True
2026-07-13,9888,reversal,114.3,50.1,17.1,0.54,15.75,True
2026-07-13,2020,reversal,73.4,51.4,17.9,0.52,6.76,True
2026-07-13,53,reversal,69.0,53.3,19.3,0.52,0.8,True
2026-07-13,1211,reversal,83.95,50.3,23.4,0.51,15.55,True
2026-07-13,2618,reversal,12.72,53.0,21.5,0.5,9.94,True
2026-07-13,23,reversal,13.17,51.8,27.7,0.5,3.95,True
2026-07-13,3998,reversal,4.71,66.7,24.6,0.47,19.24,True
2026-07-13,823,reversal,37.52,50.7,24.1,0.46,3.25,True
2026-07-13,220,reversal,7.39,51.0,19.2,0.46,9.81,True
2026-07-13,1099,reversal,16.85,50.4,31.4,0.45,6.71,True
2026-07-13,2602,reversal,17.97,54.2,18.2,0.43,18.15,True
2026-07-13,9898,reversal,60.0,52.6,27.8,0.42,8.79,True
2026-07-13,8,reversal,5.6,50.9,29.0,0.36,3.13,True
2026-07-13,80388,reversal,335.0,54.5,27.5,0.28,6.48,True
2026-07-13,89618,reversal,98.35,57.1,18.4,0.27,12.21,True
2026-07-13,2343,reversal,2.99,50.7,15.8,0.27,6.03,True
2026-07-13,83690,reversal,67.35,54.8,18.5,0.04,17.44,True
2026-07-13,81211,reversal,72.9,50.4,28.9,0.03,15.62,True
2026-07-13,80992,trending,20.2,54.8,29.6,2.45,-0.79,True
2026-07-13,6990,trending,504.0,60.9,26.8,1.5,20.57,True
2026-07-13,6821,trending,121.7,63.3,32.1,1.25,9.34,True
2026-07-13,2162,trending,81.85,68.4,35.3,1.22,27.79,True
2026-07-13,992,trending,23.3,54.8,29.9,0.9,-0.6,True
2026-07-13,2269,trending,37.32,62.3,29.3,0.74,12.95,True
2026-07-13,2526,trending,401.0,58.9,37.8,0.71,34.11,True
2026-07-13,2359,trending,151.6,61.4,29.3,0.65,4.26,True
2026-07-13,2096,early_uptrend,12.46,72.9,42.5,1.64,34.41,True
2026-07-13,6951,early_uptrend,99.0,93.3,43.7,1.55,116370.59,True
2026-07-13,1070,early_uptrend,14.7,57.0,23.1,1.31,16.57,True
2026-07-13,9969,early_uptrend,14.18,70.2,38.6,1.23,30.69,True
2026-07-13,6655,reversal,13.26,50.8,28.0,2.74,13.14,True
2026-07-13,3866,reversal,4.5,52.0,17.2,1.73,4.41,True
2026-07-13,81810,reversal,22.38,54.8,35.3,1.56,20.32,True
2026-07-13,6951,reversal,99.0,93.3,43.7,1.55,116370.59,True
2026-07-13,2638,reversal,6.35,55.3,21.0,1.47,2.42,True
2026-07-13,1177,reversal,5.16,61.3,28.7,1.36,21.13,True
2026-07-13,1070,reversal,14.7,57.0,23.1,1.31,16.57,True
2026-07-13,7618,reversal,13.46,58.4,18.2,1.3,25.68,True
2026-07-13,2388,reversal,46.44,55.1,22.3,1.28,1.93,True
2026-07-13,2423,reversal,41.78,55.3,13.3,1.26,16.25,True
2026-07-13,9899,reversal,120.0,57.6,16.9,1.25,18.46,True
2026-07-13,1768,reversal,379.2,56.5,24.5,1.15,30.13,True
2026-07-13,1997,reversal,23.1,56.8,17.3,1.15,5.67,True
2026-07-13,2319,reversal,16.9,51.3,16.1,1.15,1.5,True
2026-07-13,1308,reversal,33.26,50.8,12.5,1.14,4.72,True
2026-07-13,6823,reversal,12.08,56.0,16.9,1.14,3.25,True
2026-07-13,9618,reversal,113.2,58.7,23.6,1.12,17.92,True
2026-07-13,82388,reversal,40.14,55.1,20.3,1.09,1.67,True
2026-07-13,27,reversal,31.0,51.4,25.7,1.08,6.16,True
2026-07-13,3759,reversal,22.2,76.5,42.5,1.07,28.32,True
2026-07-13,1093,reversal,8.16,63.2,28.9,1.04,21.97,True
2026-07-13,291,reversal,22.92,51.7,26.5,1.0,7.1,True
2026-07-13,89988,reversal,95.8,55.8,33.2,0.99,23.77,True
2026-07-13,1810,reversal,25.84,54.8,34.8,0.99,20.63,True
2026-07-13,300,reversal,88.8,56.3,16.5,0.98,10.52,True
2026-07-13,3933,reversal,9.18,55.4,25.3,0.96,11.54,True
2026-07-13,1618,reversal,1.46,54.9,23.9,0.93,9.77,True
2026-07-13,9987,reversal,348.4,58.5,24.4,0.92,10.18,True
2026-07-13,3618,reversal,6.3,52.5,21.4,0.89,5.7,True
2026-07-13,1398,reversal,6.83,53.9,23.2,0.88,3.17,True
2026-07-13,9988,reversal,110.7,55.9,30.6,0.87,23.69,True
2026-07-13,392,reversal,29.82,58.1,28.6,0.87,9.07,True
2026-07-13,2714,reversal,32.16,50.4,22.8,0.86,10.67,True
2026-07-13,13,reversal,17.68,51.0,32.5,0.85,11.69,True
2026-07-13,80700,reversal,396.2,53.3,19.1,0.82,10.73,True
2026-07-13,3939,reversal,9.49,50.7,15.5,0.77,24.05,True
2026-07-13,1877,reversal,19.26,55.5,24.0,0.77,25.31,True
2026-07-13,2595,reversal,38.24,67.4,32.5,0.76,57.37,True
2026-07-13,3690,reversal,77.95,55.1,18.5,0.72,21.32,True
2026-07-13,700,reversal,457.6,53.6,19.0,0.71,11.12,True
2026-07-13,322,reversal,11.17,54.1,24.8,0.69,15.51,True
2026-07-13,874,reversal,15.3,52.9,23.0,0.69,7.82,True
2026-07-13,316,reversal,130.7,53.9,13.9,0.66,7.31,True
2026-07-13,1513,reversal,26.04,53.6,19.2,0.66,11.28,True
2026-07-13,1919,reversal,14.07,54.0,10.9,0.62,6.91,True
2026-07-13,1109,reversal,32.7,50.4,21.5,0.61,8.42,True
2026-07-13,2637,reversal,197.1,51.5,25.6,0.6,18.45,True
2026-07-13,1113,reversal,45.5,50.7,18.2,0.59,3.22,True
2026-07-13,388,reversal,387.6,55.5,27.9,0.58,7.01,True
2026-07-13,2228,reversal,7.72,52.0,29.1,0.57,14.37,True
2026-07-13,9888,reversal,114.3,50.1,17.1,0.54,15.75,True
2026-07-13,2020,reversal,73.4,51.4,17.9,0.52,6.76,True
2026-07-13,53,reversal,69.0,53.3,19.3,0.52,0.8,True
2026-07-13,1211,reversal,83.95,50.3,23.4,0.51,15.55,True
2026-07-13,2618,reversal,12.72,53.0,21.5,0.5,9.94,True
2026-07-13,23,reversal,13.17,51.8,27.7,0.5,3.95,True
2026-07-13,3998,reversal,4.71,66.7,24.6,0.47,19.24,True
2026-07-13,823,reversal,37.52,50.7,24.1,0.46,3.25,True
2026-07-13,220,reversal,7.39,51.0,19.2,0.46,9.81,True
2026-07-13,1099,reversal,16.85,50.4,31.4,0.45,6.71,True
2026-07-13,2602,reversal,17.97,54.2,18.2,0.43,18.15,True
2026-07-13,9898,reversal,60.0,52.6,27.8,0.42,8.79,True
2026-07-13,8,reversal,5.6,50.9,29.0,0.36,3.13,True
2026-07-13,80388,reversal,335.0,54.5,27.5,0.28,6.48,True
2026-07-13,89618,reversal,98.05,56.6,18.4,0.27,11.87,True
2026-07-13,2343,reversal,2.99,50.7,15.8,0.27,6.03,True
2026-07-13,83690,reversal,67.35,54.8,18.5,0.04,17.44,True
2026-07-13,81211,reversal,72.75,50.1,28.9,0.03,15.38,True
2026-07-14,80992,trending,20.02,53.9,28.3,1.97,8.33,True
2026-07-14,6821,trending,127.6,66.8,33.0,1.54,3.15,True
2026-07-14,2359,trending,158.1,66.4,30.1,1.12,3.4,True
2026-07-14,2162,trending,80.75,65.8,35.7,1.03,10.47,True
2026-07-14,2269,trending,38.2,65.0,29.7,0.97,8.28,True
2026-07-14,6990,trending,498.2,59.3,27.8,0.83,14.37,True
2026-07-14,992,trending,23.16,54.2,28.4,0.76,8.83,True
2026-07-14,2715,trending,20.5,52.8,28.1,0.71,20.59,True
2026-07-14,3759,early_uptrend,23.6,80.5,43.8,2.53,29.17,True
2026-07-14,6127,early_uptrend,22.2,68.5,24.4,1.67,13.85,True
2026-07-14,1,early_uptrend,70.4,59.6,24.9,1.42,5.07,True
2026-07-14,9899,reversal,120.7,58.4,16.0,2.82,14.41,True
2026-07-14,1033,reversal,0.64,53.7,20.8,2.29,14.29,True
2026-07-14,1988,reversal,3.39,54.1,26.4,2.22,6.94,True
2026-07-14,2423,reversal,42.12,56.6,13.6,2.11,12.08,True
2026-07-14,386,reversal,4.19,52.0,22.8,2.01,2.7,True
2026-07-14,7618,reversal,13.27,56.2,17.9,1.93,16.4,True
2026-07-14,2313,reversal,42.86,50.2,16.5,1.63,6.88,True
2026-07-14,316,reversal,138.1,64.0,14.8,1.54,12.55,True
2026-07-14,6618,reversal,36.96,50.7,23.5,1.52,8.96,True
2026-07-14,27,reversal,31.1,52.1,25.1,1.5,4.29,True
2026-07-14,2788,reversal,17.0,51.8,14.8,1.5,17.81,True
2026-07-14,1768,reversal,403.0,61.7,25.0,1.45,33.18,True
2026-07-14,1308,reversal,35.34,62.2,13.5,1.42,11.41,True
2026-07-14,1919,reversal,14.67,62.6,11.8,1.34,11.81,True
2026-07-14,2367,reversal,26.9,52.0,13.1,1.27,-0.15,True
2026-07-14,857,reversal,9.57,53.3,34.9,1.19,8.87,True
2026-07-14,9866,reversal,40.64,51.3,17.3,1.16,6.33,True
2026-07-14,6855,reversal,36.76,54.8,23.8,1.13,9.34,True
2026-07-14,2099,reversal,148.7,55.0,15.9,1.12,20.8,True
2026-07-14,1810,reversal,26.04,55.9,33.1,1.1,19.12,True
2026-07-14,6098,reversal,5.37,51.1,34.5,1.1,9.15,True
2026-07-14,6693,reversal,28.86,52.1,20.2,1.09,22.39,True
2026-07-14,6655,reversal,13.46,53.0,26.5,1.09,11.79,True
2026-07-14,80883,reversal,19.77,50.2,31.6,1.08,8.21,True
2026-07-14,1177,reversal,5.11,59.4,29.4,1.08,13.81,True
2026-07-14,135,reversal,6.76,50.6,33.3,1.07,4.0,True
2026-07-14,8,reversal,5.67,54.8,27.7,1.07,4.23,True
2026-07-14,501,reversal,78.9,50.9,15.8,1.04,7.93,True
2026-07-14,1997,reversal,23.58,61.4,17.7,1.04,8.86,True
2026-07-14,89618,reversal,98.75,57.8,18.4,1.02,15.36,True
2026-07-14,1093,reversal,8.11,61.9,29.4,0.97,13.43,True
2026-07-14,89988,reversal,95.95,56.0,31.4,0.96,18.9,True
2026-07-14,3618,reversal,6.26,51.0,20.8,0.95,4.68,True
2026-07-14,9987,reversal,350.4,59.7,24.7,0.94,9.16,True
2026-07-14,53,reversal,69.0,53.3,17.9,0.92,1.02,True
2026-07-14,23,reversal,13.33,55.7,25.9,0.9,4.47,True
2026-07-14,220,reversal,7.5,53.7,18.5,0.9,8.54,True
2026-07-14,3690,reversal,79.2,57.3,18.5,0.89,17.07,True
2026-07-14,3866,reversal,4.52,53.2,16.2,0.89,3.43,True
2026-07-14,6823,reversal,12.05,54.5,16.0,0.87,2.03,True
2026-07-14,3998,reversal,4.76,68.2,25.0,0.87,13.6,True
2026-07-14,9988,reversal,110.8,56.0,29.2,0.86,19.14,True
2026-07-14,300,reversal,89.55,58.3,16.7,0.82,6.54,True
2026-07-14,1513,reversal,26.14,54.3,18.7,0.82,7.31,True
2026-07-14,9618,reversal,113.8,59.6,23.2,0.8,14.95,True
2026-07-14,2638,reversal,6.32,52.1,19.9,0.8,1.28,True
2026-07-14,1088,reversal,42.3,50.2,32.3,0.79,2.92,True
2026-07-14,13,reversal,17.82,52.5,30.8,0.76,6.26,True
2026-07-14,1066,reversal,3.29,50.4,25.5,0.76,1.86,True
2026-07-14,1211,reversal,86.15,54.3,22.2,0.75,18.18,True
2026-07-14,700,reversal,456.2,53.0,18.6,0.74,8.57,True
2026-07-14,2388,reversal,46.18,53.5,21.2,0.73,5.92,True
2026-07-14,1099,reversal,17.01,52.7,29.3,0.73,5.26,True
2026-07-14,3933,reversal,9.12,54.1,24.9,0.73,6.67,True
2026-07-14,1579,reversal,14.77,60.8,28.8,0.73,11.47,True
2026-07-14,3939,reversal,9.88,54.3,15.0,0.72,26.18,True
2026-07-14,525,reversal,2.2,53.2,18.6,0.72,7.84,True
2026-07-14,388,reversal,389.0,56.7,26.3,0.67,5.99,True
2026-07-14,392,reversal,30.12,60.5,28.2,0.66,9.29,True
2026-07-14,3320,reversal,4.62,51.7,30.2,0.65,4.76,True
2026-07-14,1109,reversal,33.44,54.5,20.5,0.64,9.5,True
2026-07-14,2618,reversal,12.99,57.6,21.7,0.64,9.53,True
2026-07-14,6936,reversal,31.38,53.4,23.9,0.63,4.05,True
2026-07-14,81211,reversal,74.55,53.6,28.5,0.62,17.68,True
2026-07-14,1698,reversal,35.0,52.2,12.1,0.62,6.45,True
2026-07-14,1618,reversal,1.47,56.5,23.5,0.62,10.53,True
2026-07-14,3360,reversal,6.25,52.3,30.1,0.62,15.96,True
2026-07-14,1070,reversal,14.62,56.0,22.9,0.61,13.07,True
2026-07-14,2343,reversal,3.06,55.2,14.9,0.61,9.29,True
2026-07-14,322,reversal,11.26,55.4,25.0,0.58,12.15,True
2026-07-14,291,reversal,22.94,51.9,25.4,0.56,4.56,True
2026-07-14,2637,reversal,197.2,51.6,25.2,0.56,10.72,True
2026-07-14,823,reversal,37.98,55.2,24.7,0.55,3.21,True
2026-07-14,1398,reversal,6.82,53.5,22.0,0.53,3.02,True
2026-07-14,9898,reversal,60.15,53.4,26.3,0.52,6.65,True
2026-07-14,9698,reversal,32.3,51.6,21.8,0.5,12.78,True
2026-07-14,1113,reversal,45.54,51.0,17.3,0.48,2.43,True
2026-07-14,874,reversal,15.47,56.3,21.4,0.46,6.84,True
2026-07-14,2595,reversal,38.42,67.7,33.6,0.45,41.25,True
2026-07-14,2020,reversal,73.9,53.3,16.7,0.44,3.72,True
2026-07-14,142,reversal,5.08,51.7,22.9,0.43,3.25,True
2026-07-14,80700,reversal,395.0,52.7,18.7,0.4,8.16,True
2026-07-14,2602,reversal,17.46,50.2,17.5,0.36,15.78,True
2026-07-14,80388,reversal,336.6,56.1,25.7,0.22,5.72,True
2026-07-14,81810,reversal,22.4,54.9,33.7,0.16,18.14,True
2026-07-14,82388,reversal,39.84,52.9,19.6,0.15,5.9,True
2026-07-14,83690,reversal,68.0,56.1,18.2,0.06,22.3,True
2026-07-14,6060,gaining_momentum,9.97,48.2,27.4,2.66,8.72,True
2026-07-14,1033,gaining_momentum,0.64,53.7,20.8,2.29,14.29,True
2026-07-14,1988,gaining_momentum,3.39,54.1,26.4,2.22,6.94,True
2026-07-14,2423,gaining_momentum,42.12,56.6,13.6,2.11,12.08,True
2026-07-14,80992,gaining_momentum,20.02,53.9,28.3,1.97,8.33,True
2026-07-14,7618,gaining_momentum,13.27,56.2,17.9,1.93,16.4,True
2026-07-14,1833,gaining_momentum,7.55,44.4,27.0,1.86,4.72,True
2026-07-14,285,gaining_momentum,23.24,50.0,29.8,1.82,9.73,True
2026-07-15,2315,trending,58.85,71.1,25.8,3.07,25.91,True
2026-07-15,6821,trending,133.7,69.9,34.5,2.06,22.89,True
2026-07-15,6990,trending,536.5,65.6,29.8,1.78,22.99,True
2026-07-15,3774,trending,16.0,59.6,63.5,1.78,0.0,True
2026-07-15,2269,trending,39.54,68.7,30.8,1.56,14.28,True
2026-07-15,2359,trending,165.1,70.8,31.5,1.39,7.42,True
2026-07-15,2162,trending,87.1,72.3,36.8,1.29,23.11,True
2026-07-15,2442,trending,72.0,56.8,37.1,0.97,2.06,True
2026-07-15,2715,trending,21.1,54.3,27.6,0.87,12.96,True
2026-07-15,2689,trending,7.32,55.7,25.5,0.86,7.17,True
2026-07-15,992,trending,23.86,56.6,27.5,0.79,3.65,True
2026-07-15,80992,trending,20.64,56.4,27.3,0.29,3.72,True
2026-07-15,6127,early_uptrend,27.48,80.0,27.3,7.7,47.82,True
2026-07-15,2315,early_uptrend,58.85,71.1,25.8,3.07,25.91,True
2026-07-15,3759,early_uptrend,25.02,83.6,45.8,2.93,37.1,True
2026-07-15,2595,early_uptrend,42.4,73.9,35.4,2.44,44.02,True
2026-07-15,2096,early_uptrend,12.99,76.6,45.1,1.76,31.88,True
2026-07-15,9969,early_uptrend,14.8,74.0,40.9,1.54,24.79,True
2026-07-15,300,early_uptrend,91.9,63.9,17.8,1.53,11.26,True
2026-07-15,6160,early_uptrend,188.4,63.9,29.6,1.4,10.56,True
2026-07-15,1070,early_uptrend,15.3,62.0,23.7,1.39,18.7,True
2026-07-15,1548,early_uptrend,14.82,64.7,29.8,1.36,21.18,True
2026-07-15,2057,early_uptrend,191.2,70.4,24.7,1.35,11.42,True
2026-07-15,2,early_uptrend,76.9,65.9,14.6,1.34,5.05,True
2026-07-15,83690,reversal,72.0,62.9,18.9,3.21,22.76,True
2026-07-15,2638,reversal,6.33,53.1,18.9,2.51,2.43,True
2026-07-15,2595,reversal,42.4,73.9,35.4,2.44,44.02,True
2026-07-15,1186,reversal,4.92,57.9,26.6,2.39,7.66,True
2026-07-15,2648,reversal,73.85,56.9,21.3,2.27,13.35,True
2026-07-15,501,reversal,85.0,60.0,16.2,2.23,8.49,True
2026-07-15,9896,reversal,24.48,53.8,24.3,1.77,3.82,True
2026-07-15,1196,reversal,10.6,50.4,20.3,1.77,2.42,True
2026-07-15,1093,reversal,8.43,66.7,30.5,1.59,20.95,True
2026-07-15,12,reversal,26.9,53.4,37.6,1.54,8.47,True
2026-07-15,300,reversal,91.9,63.9,17.8,1.53,11.26,True
2026-07-15,3690,reversal,83.4,63.7,19.6,1.49,21.75,True
2026-07-15,1177,reversal,5.23,62.5,30.6,1.47,18.59,True
2026-07-15,2343,reversal,3.22,63.3,15.3,1.45,19.26,True
2026-07-15,9987,reversal,343.4,53.8,23.8,1.43,7.45,True
2026-07-15,1070,reversal,15.3,62.0,23.7,1.39,18.7,True
2026-07-15,2889,reversal,150.5,52.6,29.5,1.39,30.87,True
2026-07-15,9668,reversal,0.77,52.5,20.1,1.39,6.94,True
2026-07-15,2367,reversal,28.44,60.1,13.9,1.38,7.32,True
2026-07-15,13,reversal,18.21,56.5,30.3,1.37,8.52,True
2026-07-15,1299,reversal,76.2,54.7,29.5,1.34,6.65,True
2026-07-15,81810,reversal,22.32,54.2,32.1,1.34,19.36,True
2026-07-15,1828,reversal,29.54,53.7,19.7,1.33,4.01,True
2026-07-15,2423,reversal,43.72,61.9,14.4,1.24,16.4,True
2026-07-15,9926,reversal,103.5,57.1,16.7,1.23,17.55,True
2026-07-15,135,reversal,6.77,51.2,31.6,1.23,5.29,True
2026-07-15,2698,reversal,27.04,52.2,8.5,1.21,8.16,True
2026-07-15,27,reversal,31.36,54.1,24.6,1.2,6.59,True
2026-07-15,1997,reversal,24.02,65.1,18.7,1.2,12.35,True
2026-07-15,1339,reversal,5.18,54.4,20.1,1.17,10.45,True
2026-07-15,80700,reversal,409.4,58.7,19.3,1.14,9.17,True
2026-07-15,1768,reversal,421.2,65.1,25.7,1.12,35.17,True
2026-07-15,16,reversal,122.3,58.2,22.1,1.11,8.9,True
2026-07-15,2356,reversal,12.43,51.8,19.7,1.11,7.43,True
2026-07-15,800,reversal,16.3,54.0,16.1,1.11,12.65,True
2026-07-15,2099,reversal,142.5,50.3,14.9,1.09,16.33,True
2026-07-15,82388,reversal,40.28,55.7,19.3,1.08,10.36,True
2026-07-15,1988,reversal,3.5,60.4,25.9,1.07,11.46,True
2026-07-15,388,reversal,393.4,60.4,25.4,1.05,8.37,True
2026-07-15,6060,reversal,10.18,51.7,26.1,1.05,13.11,True
2026-07-15,883,reversal,22.9,50.5,30.8,1.04,12.7,True
2026-07-15,316,reversal,141.5,67.5,16.2,1.04,15.98,True
2026-07-15,3969,reversal,3.35,56.2,34.1,1.0,4.69,True
2026-07-15,2788,reversal,17.37,53.7,14.7,0.99,26.42,True
2026-07-15,700,reversal,474.0,59.5,19.1,0.96,10.28,True
2026-07-15,9988,reversal,113.4,59.4,28.2,0.95,22.13,True
2026-07-15,3998,reversal,4.85,70.8,25.5,0.95,13.32,True
2026-07-15,9899,reversal,117.0,53.1,15.2,0.95,13.7,True
2026-07-15,392,reversal,30.24,61.5,28.3,0.94,12.5,True
2026-07-15,1919,reversal,14.85,64.8,12.9,0.91,14.14,True
2026-07-15,9898,reversal,60.9,57.1,25.3,0.91,7.79,True
2026-07-15,2618,reversal,13.27,61.8,22.5,0.89,12.94,True
2026-07-15,3320,reversal,4.64,52.6,28.8,0.89,9.43,True
2026-07-15,390,reversal,3.46,51.1,25.7,0.88,4.53,True
2026-07-15,2714,reversal,32.94,54.0,20.7,0.87,13.43,True
2026-07-15,2020,reversal,73.75,52.6,16.3,0.87,3.8,True
2026-07-15,23,reversal,13.49,59.2,24.7,0.87,7.66,True
2026-07-15,1088,reversal,42.92,53.9,30.1,0.85,6.98,True
2026-07-15,6186,reversal,3.03,50.1,25.2,0.85,8.21,True
2026-07-15,6682,reversal,28.34,50.5,20.8,0.85,18.68,True
2026-07-15,1308,reversal,35.42,62.5,14.7,0.84,12.87,True
2026-07-15,6655,reversal,13.98,58.1,26.1,0.84,21.14,True
2026-07-15,1199,reversal,4.91,54.9,26.5,0.84,9.6,True
2026-07-15,9618,reversal,115.7,62.3,23.2,0.81,16.57,True
2026-07-15,1972,reversal,21.72,54.5,28.6,0.81,5.74,True
2026-07-15,2602,reversal,18.14,55.0,17.3,0.81,20.29,True
2026-07-15,1066,reversal,3.44,59.1,24.4,0.81,8.52,True
2026-07-15,1109,reversal,33.64,55.5,20.0,0.8,12.13,True
2026-07-15,6618,reversal,37.52,52.8,22.5,0.78,14.25,True
2026-07-15,3866,reversal,4.62,58.7,16.2,0.78,9.48,True
2026-07-15,89988,reversal,97.95,59.1,30.2,0.77,20.11,True
2026-07-15,2313,reversal,43.06,51.5,15.5,0.77,9.4,True
2026-07-15,1099,reversal,17.45,58.6,28.6,0.77,9.68,True
2026-07-15,2386,reversal,5.35,52.3,18.8,0.77,8.52,True
2026-07-15,874,reversal,15.75,61.2,20.7,0.76,10.84,True
2026-07-15,1513,reversal,26.48,56.7,18.7,0.76,10.89,True
2026-07-15,823,reversal,38.5,59.7,25.9,0.75,5.48,True
2026-07-15,3939,reversal,9.91,54.6,14.8,0.75,27.38,True
2026-07-15,6936,reversal,32.12,58.9,23.9,0.73,6.57,True
2026-07-15,8,reversal,5.69,55.9,26.5,0.71,6.75,True
2026-07-15,1810,reversal,25.86,54.6,31.5,0.7,19.5,True
2026-07-15,1113,reversal,47.14,62.0,17.2,0.7,6.7,True
2026-07-15,6098,reversal,5.52,57.1,32.5,0.69,13.58,True
2026-07-15,80388,reversal,339.6,58.9,24.5,0.66,8.15,True
2026-07-15,2388,reversal,46.72,56.4,20.3,0.65,10.24,True
2026-07-15,3968,reversal,46.2,50.3,21.9,0.63,2.85,True
2026-07-15,1398,reversal,6.79,52.1,21.0,0.61,5.6,True
2026-07-15,1211,reversal,86.95,55.6,20.9,0.61,20.01,True
2026-07-15,53,reversal,69.9,58.5,17.6,0.61,2.79,True
2026-07-15,9626,reversal,140.5,51.5,17.8,0.6,6.68,True
2026-07-15,3288,reversal,31.42,54.9,13.8,0.59,5.15,True
2026-07-15,1044,reversal,23.4,50.8,24.0,0.58,7.64,True
2026-07-15,2637,reversal,201.0,53.5,25.2,0.58,11.67,True
2026-07-15,857,reversal,9.54,52.5,33.2,0.55,12.5,True
2026-07-15,220,reversal,7.46,52.6,18.0,0.54,10.52,True
2026-07-15,81211,reversal,75.25,54.9,28.6,0.52,19.63,True
2026-07-15,14,reversal,17.66,55.2,31.3,0.51,6.9,True
2026-07-15,291,reversal,23.06,53.1,24.6,0.5,8.36,True
2026-07-15,89618,reversal,100.1,59.9,18.7,0.49,20.17,True
2026-07-15,1618,reversal,1.48,58.0,23.4,0.49,12.12,True
2026-07-15,6823,reversal,12.1,56.5,15.5,0.48,3.77,True
2026-07-15,3360,reversal,6.36,54.8,28.4,0.46,18.88,True
2026-07-15,80883,reversal,19.83,50.8,29.7,0.41,12.8,True
2026-07-15,322,reversal,11.23,54.9,25.4,0.41,14.83,True
2026-07-15,525,reversal,2.21,54.5,18.5,0.4,7.8,True
2026-07-15,3618,reversal,6.36,54.3,20.4,0.35,10.03,True
2026-07-15,80016,reversal,105.5,56.7,22.4,0.27,7.22,True
2026-07-15,142,reversal,5.12,54.1,21.9,0.27,6.67,True
2026-07-15,7618,reversal,13.42,57.6,17.8,0.22,20.36,True
2026-07-15,6127,gaining_momentum,27.48,80.0,27.3,7.7,47.82,True
2026-07-15,80941,gaining_momentum,68.3,44.8,39.3,4.35,4.04,True
2026-07-15,1186,gaining_momentum,4.92,57.9,26.6,2.39,7.66,True
2026-07-15,2648,gaining_momentum,73.85,56.9,21.3,2.27,13.35,True
2026-07-15,1880,gaining_momentum,50.55,49.6,33.9,2.16,6.29,True
2026-07-15,6821,gaining_momentum,133.7,69.9,34.5,2.06,22.89,True
2026-07-15,2610,gaining_momentum,26.86,44.1,43.5,2.03,7.53,True
2026-07-16,2315,trending,54.85,61.8,27.5,2.47,17.7,True
2026-07-16,2057,trending,193.4,72.8,25.8,1.69,7.38,True
2026-07-16,1801,trending,94.2,65.7,26.1,1.19,10.37,True
2026-07-16,2715,trending,22.7,58.1,27.4,1.16,18.48,True
2026-07-16,6821,trending,128.7,64.5,35.9,1.02,20.85,True
2026-07-16,2359,trending,162.0,66.6,32.8,0.95,6.02,True
2026-07-16,6990,trending,522.5,61.8,31.6,0.94,11.74,True
2026-07-16,2269,trending,39.32,67.4,32.0,0.88,9.65,True
2026-07-16,2689,trending,7.47,57.9,26.2,0.87,6.11,True
2026-07-16,2442,trending,72.2,57.0,37.0,0.81,-6.84,True
2026-07-16,2162,trending,85.95,69.7,37.8,0.78,14.68,True
2026-07-16,6127,early_uptrend,25.82,71.2,30.2,5.7,35.89,True
2026-07-16,2315,early_uptrend,54.85,61.8,27.5,2.47,17.7,True
2026-07-16,2057,early_uptrend,193.4,72.8,25.8,1.69,7.38,True
2026-07-16,9973,reversal,26.54,53.7,22.7,3.93,6.67,True
2026-07-16,81810,reversal,23.72,63.2,32.1,2.7,21.64,True
2026-07-16,83690,reversal,75.55,67.7,20.3,2.67,26.76,True
2026-07-16,3606,reversal,54.4,56.2,25.9,2.46,8.47,True
2026-07-16,1209,reversal,39.98,53.7,16.7,2.24,5.21,True
2026-07-16,1698,reversal,36.2,58.2,11.9,1.86,6.66,True
2026-07-16,9896,reversal,25.32,58.6,24.4,1.74,8.3,True
2026-07-16,6862,reversal,11.87,54.3,35.6,1.71,7.13,True
2026-07-16,2313,reversal,45.0,61.7,15.7,1.66,10.19,True
2026-07-16,1972,reversal,22.16,59.7,27.7,1.63,8.63,True
2026-07-16,3690,reversal,87.2,68.4,21.4,1.62,23.08,True
2026-07-16,27,reversal,32.46,61.4,25.7,1.61,10.03,True
2026-07-16,6055,reversal,21.54,53.5,34.6,1.61,7.49,True
2026-07-16,2202,reversal,2.51,55.6,19.8,1.59,12.56,True
2026-07-16,1196,reversal,10.99,56.8,19.2,1.58,6.39,True
2026-07-16,6049,reversal,28.32,55.7,21.5,1.54,7.19,True
2026-07-16,1908,reversal,14.43,52.8,19.5,1.51,0.14,True
2026-07-16,80388,reversal,341.6,60.8,24.1,1.49,7.76,True
2026-07-16,3320,reversal,4.79,59.0,27.5,1.49,9.61,True
2026-07-16,6969,reversal,8.15,53.3,22.4,1.48,9.1,True
2026-07-16,9868,reversal,56.55,57.0,21.6,1.46,9.17,True
2026-07-16,1810,reversal,27.5,63.3,31.4,1.4,21.68,True
2026-07-16,3896,reversal,5.5,50.3,23.5,1.4,15.3,True
2026-07-16,386,reversal,4.24,55.5,20.6,1.39,5.47,True
2026-07-16,89988,reversal,101.0,63.3,29.8,1.36,23.7,True
2026-07-16,1768,reversal,385.0,54.6,25.7,1.36,14.86,True
2026-07-16,144,reversal,13.77,54.2,35.8,1.36,9.2,True
2026-07-16,6993,reversal,3.1,60.2,30.4,1.35,4.38,True
2026-07-16,12,reversal,27.34,56.9,35.7,1.34,9.62,True
2026-07-16,2714,reversal,34.1,58.6,20.8,1.31,6.76,True
2026-07-16,1880,reversal,50.7,50.1,31.7,1.31,5.58,True
2026-07-16,101,reversal,7.58,56.5,38.3,1.3,9.06,True
2026-07-16,1882,reversal,19.75,51.8,14.3,1.29,5.56,True
2026-07-16,1357,reversal,4.36,53.7,12.0,1.26,10.94,True
2026-07-16,6098,reversal,5.72,63.5,31.9,1.26,14.4,True
2026-07-16,1060,reversal,0.52,52.5,26.1,1.26,10.64,True
2026-07-16,9988,reversal,116.9,63.5,28.1,1.25,23.7,True
2026-07-16,175,reversal,19.39,56.9,16.5,1.23,11.95,True
2026-07-16,9626,reversal,147.9,58.5,18.2,1.2,9.96,True
2026-07-16,10,reversal,13.49,51.9,39.9,1.2,5.47,True
2026-07-16,13,reversal,18.55,59.7,30.4,1.19,5.4,True
2026-07-16,2020,reversal,73.8,52.8,15.9,1.17,1.17,True
2026-07-16,268,reversal,7.03,53.0,17.3,1.15,13.75,True
2026-07-16,2423,reversal,45.6,67.0,16.0,1.12,17.22,True
2026-07-16,1919,reversal,14.82,64.1,14.3,1.11,13.39,True
2026-07-16,1093,reversal,8.6,69.0,31.6,1.11,13.91,True
2026-07-16,1128,reversal,5.42,58.6,30.5,1.11,8.18,True
2026-07-16,1211,reversal,90.95,61.8,20.5,1.1,16.16,True
2026-07-16,316,reversal,140.9,66.2,17.7,1.1,14.65,True
2026-07-16,6618,reversal,39.2,58.6,22.6,1.09,14.75,True
2026-07-16,9987,reversal,347.0,56.2,23.5,1.07,6.51,True
2026-07-16,1618,reversal,1.52,63.7,23.9,1.06,10.14,True
2026-07-16,241,reversal,3.47,51.7,25.1,1.04,10.16,True
2026-07-16,548,reversal,6.62,52.5,15.0,1.04,2.48,True
2026-07-16,1997,reversal,24.7,69.9,20.5,1.03,15.1,True
2026-07-16,14,reversal,17.84,58.2,30.3,1.02,6.76,True
2026-07-16,1299,reversal,76.1,54.4,27.5,1.0,4.53,True
2026-07-16,6682,reversal,29.24,53.2,20.1,0.99,21.83,True
2026-07-16,82388,reversal,40.2,55.1,19.2,0.98,9.84,True
2026-07-16,322,reversal,11.44,58.2,25.7,0.98,12.6,True
2026-07-16,1828,reversal,29.74,55.5,19.7,0.96,5.31,True
2026-07-16,3866,reversal,4.61,58.0,16.6,0.96,7.21,True
2026-07-16,285,reversal,23.46,51.4,26.8,0.95,10.24,True
2026-07-16,1066,reversal,3.53,63.2,23.2,0.95,10.31,True
2026-07-16,1186,reversal,4.97,60.9,26.6,0.93,8.04,True
2026-07-16,1044,reversal,24.02,58.3,23.4,0.93,8.59,True
2026-07-16,9898,reversal,61.6,60.3,25.0,0.93,7.13,True
2026-07-16,291,reversal,23.74,59.4,24.9,0.92,10.01,True
2026-07-16,688,reversal,13.56,52.0,28.2,0.91,9.44,True
2026-07-16,2698,reversal,27.78,56.9,8.5,0.91,9.63,True
2026-07-16,123,reversal,3.76,51.4,27.4,0.9,8.36,True
2026-07-16,16,reversal,123.3,59.8,22.3,0.89,8.92,True
2026-07-16,811,reversal,9.15,51.7,24.4,0.89,5.9,True
2026-07-16,388,reversal,396.2,62.6,25.3,0.88,7.78,True
2026-07-16,300,reversal,91.75,63.3,18.8,0.87,6.69,True
2026-07-16,6936,reversal,32.48,61.2,24.4,0.87,6.21,True
2026-07-16,9618,reversal,116.8,63.9,23.9,0.86,13.62,True
2026-07-16,135,reversal,6.77,51.2,30.0,0.86,4.64,True
2026-07-16,868,reversal,8.95,50.4,21.6,0.86,4.56,True
2026-07-16,696,reversal,8.54,50.6,29.0,0.86,4.15,True
2026-07-16,9633,reversal,42.02,50.8,20.4,0.85,3.91,True
2026-07-16,3998,reversal,4.83,69.4,26.1,0.84,8.78,True
2026-07-16,9660,reversal,4.61,50.1,25.4,0.83,7.46,True
2026-07-16,2899,reversal,30.86,50.9,14.1,0.82,9.51,True
2026-07-16,1113,reversal,47.34,63.1,17.4,0.82,6.86,True
2026-07-16,6186,reversal,3.15,58.8,24.4,0.82,9.38,True
2026-07-16,6060,reversal,10.55,57.3,24.4,0.82,13.08,True
2026-07-16,81211,reversal,78.4,60.4,29.2,0.81,15.46,True
2026-07-16,89618,reversal,101.5,62.1,19.6,0.81,16.87,True
2026-07-16,2618,reversal,13.65,66.7,24.0,0.81,14.23,True
2026-07-16,788,reversal,9.39,50.7,41.9,0.8,5.27,True
2026-07-16,1109,reversal,34.62,60.4,20.4,0.79,11.46,True
2026-07-16,1177,reversal,5.26,63.2,31.7,0.79,13.85,True
2026-07-16,2889,reversal,148.6,51.7,27.8,0.79,29.22,True
2026-07-16,142,reversal,5.25,60.8,21.2,0.79,7.36,True
2026-07-16,2356,reversal,12.48,52.8,19.0,0.78,6.03,True
2026-07-16,9698,reversal,33.1,54.8,20.0,0.77,11.52,True
2026-07-16,9985,reversal,7.64,51.7,25.5,0.77,6.7,True
2026-07-16,823,reversal,38.78,61.9,27.3,0.76,5.21,True
2026-07-16,23,reversal,13.5,59.5,23.7,0.76,8.0,True
2026-07-16,1585,reversal,10.16,52.3,22.3,0.75,11.77,True
2026-07-16,9866,reversal,40.44,50.7,15.7,0.74,7.67,True
2026-07-16,1099,reversal,17.81,62.6,28.6,0.74,8.4,True
2026-07-16,551,reversal,13.3,50.5,35.3,0.73,4.56,True
2026-07-16,1988,reversal,3.47,58.1,25.9,0.7,8.44,True
2026-07-16,1288,reversal,5.61,51.2,23.6,0.69,5.65,True
2026-07-16,874,reversal,15.9,63.6,20.6,0.69,8.53,True
2026-07-16,883,reversal,22.88,50.3,28.7,0.65,12.16,True
2026-07-16,2595,reversal,39.04,62.9,37.1,0.65,29.79,True
2026-07-16,1398,reversal,6.88,55.8,20.5,0.64,7.17,True
2026-07-16,8,reversal,5.76,59.5,26.2,0.64,7.46,True
2026-07-16,960,reversal,6.79,50.2,25.1,0.63,12.98,True
2026-07-16,3618,reversal,6.37,54.7,20.3,0.62,7.97,True
2026-07-16,2638,reversal,6.33,53.1,18.0,0.62,2.1,True
2026-07-16,392,reversal,30.48,63.4,28.8,0.62,10.6,True
2026-07-16,1513,reversal,26.96,59.8,19.0,0.62,10.76,True
2026-07-16,2099,reversal,144.2,51.5,14.0,0.61,5.64,True
2026-07-16,6655,reversal,13.9,57.1,25.7,0.61,14.59,True
2026-07-16,800,reversal,16.41,54.9,16.1,0.61,12.71,True
2026-07-16,941,reversal,79.6,50.6,34.2,0.6,4.05,True
2026-07-16,390,reversal,3.46,51.1,24.8,0.6,5.49,True
2026-07-16,3360,reversal,6.46,57.0,27.3,0.6,14.95,True
2026-07-16,2343,reversal,3.13,57.0,15.6,0.59,14.23,True
2026-07-16,2648,reversal,72.55,54.1,20.8,0.58,10.09,True
2026-07-16,80941,reversal,68.85,50.2,36.7,0.54,4.0,True
2026-07-16,2388,reversal,46.68,56.1,19.8,0.54,10.35,True
2026-07-16,80016,reversal,106.6,58.8,22.6,0.54,9.78,True
2026-07-16,598,reversal,4.27,53.7,33.7,0.54,8.65,True
2026-07-16,82318,reversal,47.24,50.1,32.1,0.53,4.24,True
2026-07-16,3698,reversal,4.73,52.0,26.0,0.53,8.49,True
2026-07-16,220,reversal,7.51,53.9,17.6,0.53,7.13,True
2026-07-16,9899,reversal,119.5,56.0,14.8,0.52,10.24,True
2026-07-16,2318,reversal,54.8,51.2,36.4,0.51,4.78,True
2026-07-16,1199,reversal,4.95,57.2,24.8,0.51,7.61,True
2026-07-16,363,reversal,13.19,51.5,32.3,0.51,6.97,True
2026-07-16,857,reversal,9.47,50.6,31.2,0.5,8.23,True
2026-07-16,3939,reversal,9.99,55.4,14.6,0.5,20.65,True
2026-07-16,728,reversal,4.64,50.7,19.4,0.47,6.67,True
2026-07-16,3968,reversal,46.3,51.0,20.6,0.45,5.56,True
2026-07-16,53,reversal,69.9,58.5,17.6,0.45,5.11,True
2026-07-16,525,reversal,2.19,51.4,18.5,0.44,5.8,True
2026-07-16,7618,reversal,13.72,60.2,18.1,0.43,19.3,True
2026-07-16,2602,reversal,18.0,53.9,17.3,0.43,8.43,True
2026-07-16,3288,reversal,31.9,57.7,14.4,0.39,5.42,True
2026-07-16,1508,reversal,1.18,51.6,33.5,0.38,8.26,True
2026-07-16,1339,reversal,5.13,52.3,18.8,0.33,7.77,True
2026-07-16,2675,reversal,41.74,51.1,15.8,0.32,14.23,True
2026-07-16,638,gaining_momentum,7.95,46.2,21.3,6.69,8.9,True
2026-07-16,6127,gaining_momentum,25.82,71.2,30.2,5.7,35.89,True
2026-07-16,1209,gaining_momentum,39.98,53.7,16.7,2.24,5.21,True
2026-07-16,2225,gaining_momentum,3.48,51.8,14.9,1.87,25.18,True
2026-07-16,9992,gaining_momentum,168.1,60.6,15.5,1.83,9.58,True
2026-07-17,2315,trending,50.45,53.5,26.9,1.88,12.56,True
2026-07-17,2359,trending,153.0,56.3,32.1,1.58,-1.99,True
2026-07-17,6127,trending,23.76,62.1,31.2,1.56,21.91,True
2026-07-17,2269,trending,36.98,55.8,31.2,1.38,-1.54,True
2026-07-17,6990,trending,486.4,53.4,31.8,1.2,-2.53,True
2026-07-17,1801,trending,88.95,55.9,26.0,1.16,1.31,True
2026-07-17,6821,trending,117.2,54.2,34.8,0.99,-1.26,True
2026-07-17,2162,trending,81.65,61.0,37.4,0.96,0.37,True
2026-07-17,2057,trending,189.2,62.5,25.3,0.86,4.3,True
2026-07-17,2689,trending,7.21,52.8,25.5,0.86,-0.55,True
2026-07-17,2442,trending,68.25,53.2,35.6,0.85,-10.9,True
2026-07-17,2225,early_uptrend,3.56,53.4,14.2,4.03,10.56,True
2026-07-17,2315,early_uptrend,50.45,53.5,26.9,1.88,12.56,True
2026-07-17,6127,early_uptrend,23.76,62.1,31.2,1.56,21.91,True
2026-07-17,2096,early_uptrend,12.61,67.4,46.6,1.27,9.94,True
2026-07-17,1698,reversal,36.58,59.9,12.5,2.63,5.3,True
2026-07-17,81810,reversal,23.28,59.3,32.2,2.62,17.22,True
2026-07-17,285,reversal,23.98,54.5,26.4,2.51,7.73,True
2026-07-17,291,reversal,23.7,58.9,25.7,2.28,7.14,True
2026-07-17,1109,reversal,33.72,54.5,19.5,2.18,8.35,True
2026-07-17,371,reversal,2.39,50.6,45.2,2.15,4.37,True
2026-07-17,6098,reversal,5.66,60.6,31.7,1.92,8.43,True
2026-07-17,1186,reversal,4.96,59.9,26.8,1.82,5.76,True
2026-07-17,1882,reversal,20.08,55.0,14.6,1.8,3.51,True
2026-07-17,1066,reversal,3.48,59.6,21.7,1.8,6.75,True
2026-07-17,1070,reversal,14.25,50.9,21.0,1.78,6.34,True
2026-07-17,6969,reversal,8.26,55.1,22.2,1.71,4.96,True
2026-07-17,3998,reversal,4.77,65.5,26.0,1.66,6.24,True
2026-07-17,2356,reversal,12.48,52.8,18.8,1.65,3.91,True
2026-07-17,316,reversal,145.0,70.2,19.4,1.62,14.72,True
2026-07-17,1919,reversal,14.99,66.2,15.6,1.57,10.71,True
2026-07-17,2202,reversal,2.48,53.6,19.3,1.53,5.98,True
2026-07-17,1585,reversal,10.3,54.9,21.9,1.47,12.69,True
2026-07-17,1910,reversal,13.92,51.8,17.9,1.47,0.22,True
2026-07-17,27,reversal,31.72,55.1,26.8,1.43,5.1,True
2026-07-17,6655,reversal,14.09,59.0,25.2,1.36,8.3,True
2026-07-17,3,reversal,6.8,56.4,29.2,1.28,4.29,True
2026-07-17,857,reversal,9.59,53.7,29.6,1.26,8.73,True
2026-07-17,270,reversal,7.9,54.2,18.0,1.25,4.22,True
2026-07-17,3690,reversal,83.65,60.6,22.1,1.22,16.83,True
2026-07-17,388,reversal,391.0,56.4,24.2,1.21,4.27,True
2026-07-17,53,reversal,70.05,59.4,18.1,1.21,4.79,True
2026-07-17,1093,reversal,8.1,56.8,31.3,1.2,1.25,True
2026-07-17,9896,reversal,25.0,56.2,24.2,1.2,6.93,True
2026-07-17,1810,reversal,26.88,58.7,31.5,1.19,17.07,True
2026-07-17,3288,reversal,31.44,54.2,15.5,1.19,1.81,True
2026-07-17,2618,reversal,13.39,61.0,25.4,1.18,9.84,True
2026-07-17,1177,reversal,4.98,52.7,30.7,1.16,5.06,True
2026-07-17,9633,reversal,42.22,51.9,19.2,1.13,1.34,True
2026-07-17,144,reversal,14.01,58.6,33.4,1.1,7.77,True
2026-07-17,3311,reversal,7.82,53.2,32.0,1.09,8.31,True
2026-07-17,89618,reversal,100.4,59.4,20.1,1.07,13.19,True
2026-07-17,1288,reversal,5.68,54.8,22.9,1.06,7.17,True
2026-07-17,392,reversal,31.26,68.7,29.7,1.03,10.54,True
2026-07-17,1128,reversal,5.4,57.4,29.6,1.03,5.26,True
2026-07-17,386,reversal,4.26,56.9,20.8,1.02,4.67,True
2026-07-17,2595,reversal,35.7,54.2,36.9,1.02,17.2,True
2026-07-17,1658,reversal,4.85,52.1,27.2,1.01,6.83,True
2026-07-17,1199,reversal,5.03,61.5,23.7,1.01,6.57,True
2026-07-17,9988,reversal,112.6,56.0,26.9,1.0,19.66,True
2026-07-17,10,reversal,13.53,52.8,37.9,1.0,3.92,True
2026-07-17,6049,reversal,28.26,55.1,21.9,1.0,6.16,True
2026-07-17,823,reversal,39.22,65.1,29.2,0.99,3.43,True
2026-07-17,3866,reversal,4.63,59.1,16.7,0.99,6.19,True
2026-07-17,101,reversal,7.57,56.1,37.1,0.98,5.29,True
2026-07-17,9987,reversal,347.8,56.7,23.5,0.97,3.08,True
2026-07-17,6862,reversal,11.66,50.7,33.7,0.94,4.29,True
2026-07-17,6186,reversal,3.17,60.0,24.2,0.94,7.82,True
2026-07-17,2020,reversal,74.15,54.3,15.9,0.91,1.92,True
2026-07-17,3320,reversal,4.71,54.7,26.5,0.91,4.67,True
2026-07-17,1088,reversal,42.4,50.7,26.8,0.9,6.0,True
2026-07-17,1618,reversal,1.5,59.4,24.0,0.89,7.14,True
2026-07-17,135,reversal,6.81,53.5,28.8,0.89,4.61,True
2026-07-17,6936,reversal,32.2,58.4,25.2,0.88,3.54,True
2026-07-17,300,reversal,92.25,64.5,19.9,0.87,5.91,True
2026-07-17,1113,reversal,47.28,62.5,18.0,0.87,6.78,True
2026-07-17,12,reversal,27.26,56.1,34.3,0.87,6.65,True
2026-07-17,576,reversal,6.47,53.7,23.0,0.86,5.03,True
2026-07-17,1513,reversal,26.22,53.4,18.8,0.86,2.26,True
2026-07-17,2714,reversal,33.66,56.3,20.8,0.85,6.45,True
2026-07-17,1876,reversal,6.54,51.5,32.0,0.85,7.21,True
2026-07-17,1211,reversal,88.7,57.0,20.1,0.84,5.47,True
2026-07-17,9618,reversal,116.3,62.6,24.6,0.84,11.61,True
2026-07-17,1972,reversal,22.28,61.0,27.1,0.84,5.69,True
2026-07-17,548,reversal,6.59,51.0,14.8,0.84,3.29,True
2026-07-17,1209,reversal,39.42,50.3,16.5,0.81,2.18,True
2026-07-17,1768,reversal,377.8,52.8,24.9,0.81,4.36,True
2026-07-17,23,reversal,13.63,62.3,22.7,0.81,6.82,True
2026-07-17,1044,reversal,24.08,59.0,23.6,0.81,6.08,True
2026-07-17,2318,reversal,54.6,50.1,35.2,0.78,4.9,True
2026-07-17,2313,reversal,44.4,57.7,16.7,0.78,6.22,True
2026-07-17,142,reversal,5.23,59.3,21.3,0.78,4.18,True
2026-07-17,1988,reversal,3.47,58.1,25.0,0.77,8.1,True
2026-07-17,3360,reversal,6.44,56.4,26.3,0.77,10.65,True
2026-07-17,3606,reversal,54.4,56.2,25.5,0.76,5.12,True
2026-07-17,598,reversal,4.31,56.0,32.7,0.76,7.48,True
2026-07-17,874,reversal,15.83,61.7,20.8,0.76,6.1,True
2026-07-17,1398,reversal,6.91,56.9,20.0,0.75,7.47,True
2026-07-17,7618,reversal,13.04,52.3,17.2,0.75,6.8,True
2026-07-17,83690,reversal,71.9,59.2,20.9,0.74,17.39,True
2026-07-17,551,reversal,13.66,56.6,33.3,0.74,7.56,True
2026-07-17,3968,reversal,47.08,56.4,19.6,0.73,6.52,True
2026-07-17,1299,reversal,75.55,52.3,26.1,0.72,3.14,True
2026-07-17,6060,reversal,10.14,50.4,23.4,0.71,5.85,True
2026-07-17,9898,reversal,60.6,54.1,23.6,0.7,4.03,True
2026-07-17,363,reversal,13.3,54.1,30.8,0.69,4.4,True
2026-07-17,2423,reversal,45.04,64.2,17.9,0.68,14.03,True
2026-07-17,390,reversal,3.47,52.0,23.1,0.68,4.83,True
2026-07-17,525,reversal,2.23,56.8,18.7,0.68,4.21,True
2026-07-17,6993,reversal,3.08,58.0,29.6,0.67,3.36,True
2026-07-17,220,reversal,7.61,56.5,17.7,0.66,3.26,True
2026-07-17,89988,reversal,97.0,55.3,28.9,0.65,19.53,True
2026-07-17,811,reversal,9.3,57.1,24.4,0.65,5.68,True
2026-07-17,941,reversal,79.95,53.6,32.0,0.64,4.24,True
2026-07-17,1099,reversal,17.57,58.5,28.0,0.64,4.96,True
2026-07-17,81211,reversal,76.5,56.0,29.4,0.63,4.94,True
2026-07-17,3618,reversal,6.37,54.7,20.5,0.63,7.42,True
2026-07-17,2016,reversal,2.27,50.1,29.1,0.63,5.09,True
2026-07-17,322,reversal,11.59,60.4,26.4,0.63,6.14,True
2026-07-17,80388,reversal,336.4,54.0,22.7,0.61,3.83,True
2026-07-17,2602,reversal,17.79,52.1,16.7,0.59,8.01,True
2026-07-17,6618,reversal,37.22,50.7,22.0,0.58,3.1,True
2026-07-17,9899,reversal,115.9,51.1,13.7,0.54,3.67,True
2026-07-17,8,reversal,5.71,56.0,26.1,0.53,4.39,True
2026-07-17,696,reversal,8.59,52.2,27.4,0.52,5.53,True
2026-07-17,80016,reversal,105.1,54.9,22.2,0.5,7.46,True
2026-07-17,2343,reversal,3.1,55.1,15.2,0.5,6.9,True
2026-07-17,2698,reversal,27.58,55.3,8.3,0.48,5.59,True
2026-07-17,2388,reversal,46.5,54.8,19.2,0.44,7.59,True
2026-07-17,2638,reversal,6.38,58.1,18.1,0.43,1.75,True
2026-07-17,1908,reversal,14.28,51.1,18.2,0.34,1.2,True
2026-07-17,1828,reversal,29.32,51.0,18.8,0.33,4.42,True
2026-07-17,80941,reversal,69.0,51.6,34.3,0.19,3.99,True
2026-07-17,82388,reversal,40.02,53.5,19.0,0.09,8.1,True
2026-07-17,2225,gaining_momentum,3.56,53.4,14.2,4.03,10.56,True
2026-07-17,285,gaining_momentum,23.98,54.5,26.4,2.51,7.73,True
2026-07-17,291,gaining_momentum,23.7,58.9,25.7,2.28,7.14,True
2026-07-17,631,gaining_momentum,7.5,52.4,29.8,2.22,3.73,True
2026-07-17,371,gaining_momentum,2.39,50.6,45.2,2.15,4.37,True
2026-07-17,945,gaining_momentum,338.0,73.7,12.1,1.92,4.97,True
2026-07-17,6098,gaining_momentum,5.66,60.6,31.7,1.92,8.43,True
2026-07-17,1186,gaining_momentum,4.96,59.9,26.8,1.82,5.76,True
2026-07-17,1882,gaining_momentum,20.08,55.0,14.6,1.8,3.51,True
2026-07-17,1066,gaining_momentum,3.48,59.6,21.7,1.8,6.75,True
2026-07-19,2315,trending,50.45,53.5,26.9,1.88,12.56,True
2026-07-19,2359,trending,153.0,56.3,32.1,1.58,-1.99,True
2026-07-19,6127,trending,23.76,62.1,31.2,1.56,21.91,True
2026-07-19,2269,trending,36.98,55.8,31.2,1.38,-1.54,True
2026-07-19,6990,trending,486.4,53.4,31.8,1.2,-2.53,True
2026-07-19,1801,trending,88.95,55.9,26.0,1.16,1.31,True
2026-07-19,6821,trending,117.2,54.2,34.8,0.99,-1.26,True
2026-07-19,2162,trending,81.65,61.0,37.4,0.96,0.37,True
2026-07-19,2057,trending,189.2,62.5,25.3,0.86,4.3,True
2026-07-19,2689,trending,7.21,52.8,25.5,0.86,-0.55,True
2026-07-19,2442,trending,68.25,53.2,35.6,0.85,-10.9,True
2026-07-19,2225,early_uptrend,3.56,53.4,14.2,4.03,10.56,True
2026-07-19,2315,early_uptrend,50.45,53.5,26.9,1.88,12.56,True
2026-07-19,6127,early_uptrend,23.76,62.1,31.2,1.56,21.91,True
2026-07-19,2096,early_uptrend,12.61,67.4,46.6,1.27,9.94,True
2026-07-19,1698,reversal,36.58,59.9,12.5,2.63,5.3,True
2026-07-19,81810,reversal,23.28,59.3,32.2,2.62,17.22,True
2026-07-19,285,reversal,23.98,54.5,26.4,2.51,7.73,True
2026-07-19,291,reversal,23.7,58.9,25.7,2.28,7.14,True
2026-07-19,1109,reversal,33.72,54.5,19.5,2.18,8.35,True
2026-07-19,371,reversal,2.39,50.6,45.2,2.15,4.37,True
2026-07-19,6098,reversal,5.66,60.6,31.7,1.92,8.43,True
2026-07-19,1186,reversal,4.96,59.9,26.8,1.82,5.76,True
2026-07-19,1882,reversal,20.08,55.0,14.6,1.8,3.51,True
2026-07-19,1066,reversal,3.48,59.6,21.7,1.8,6.75,True
2026-07-19,1070,reversal,14.25,50.9,21.0,1.78,6.34,True
2026-07-19,6969,reversal,8.26,55.1,22.2,1.71,4.96,True
2026-07-19,3998,reversal,4.77,65.5,26.0,1.66,6.24,True
2026-07-19,2356,reversal,12.48,52.8,18.8,1.65,3.91,True
2026-07-19,316,reversal,145.0,70.2,19.4,1.62,14.72,True
2026-07-19,1919,reversal,14.99,66.2,15.6,1.57,10.71,True
2026-07-19,2202,reversal,2.48,53.6,19.3,1.53,5.98,True
2026-07-19,1585,reversal,10.3,54.9,21.9,1.47,12.69,True
2026-07-19,1910,reversal,13.92,51.8,17.9,1.47,0.22,True
2026-07-19,27,reversal,31.72,55.1,26.8,1.43,5.1,True
2026-07-19,6655,reversal,14.09,59.0,25.2,1.36,8.3,True
2026-07-19,3,reversal,6.8,56.4,29.2,1.28,4.29,True
2026-07-19,857,reversal,9.59,53.7,29.6,1.26,8.73,True
2026-07-19,270,reversal,7.9,54.2,18.0,1.25,4.22,True
2026-07-19,3690,reversal,83.65,60.6,22.1,1.22,16.83,True
2026-07-19,388,reversal,391.0,56.4,24.2,1.21,4.27,True
2026-07-19,53,reversal,70.05,59.4,18.1,1.21,4.79,True
2026-07-19,1093,reversal,8.1,56.8,31.3,1.2,1.25,True
2026-07-19,9896,reversal,25.0,56.2,24.2,1.2,6.93,True
2026-07-19,1810,reversal,26.88,58.7,31.5,1.19,17.07,True
2026-07-19,3288,reversal,31.44,54.2,15.5,1.19,1.81,True
2026-07-19,2618,reversal,13.39,61.0,25.4,1.18,9.84,True
2026-07-19,1177,reversal,4.98,52.7,30.7,1.16,5.06,True
2026-07-19,9633,reversal,42.22,51.9,19.2,1.13,1.34,True
2026-07-19,144,reversal,14.01,58.6,33.4,1.1,7.77,True
2026-07-19,3311,reversal,7.82,53.2,32.0,1.09,8.31,True
2026-07-19,89618,reversal,100.4,59.4,20.1,1.07,13.19,True
2026-07-19,1288,reversal,5.68,54.8,22.9,1.06,7.17,True
2026-07-19,392,reversal,31.26,68.7,29.7,1.03,10.54,True
2026-07-19,1128,reversal,5.4,57.4,29.6,1.03,5.26,True
2026-07-19,386,reversal,4.26,56.9,20.8,1.02,4.67,True
2026-07-19,2595,reversal,35.7,54.2,36.9,1.02,17.2,True
2026-07-19,1658,reversal,4.85,52.1,27.2,1.01,6.83,True
2026-07-19,1199,reversal,5.03,61.5,23.7,1.01,6.57,True
2026-07-19,9988,reversal,112.6,56.0,26.9,1.0,19.66,True
2026-07-19,10,reversal,13.53,52.8,37.9,1.0,3.92,True
2026-07-19,6049,reversal,28.26,55.1,21.9,1.0,6.16,True
2026-07-19,823,reversal,39.22,65.1,29.2,0.99,3.43,True
2026-07-19,3866,reversal,4.63,59.1,16.7,0.99,6.19,True
2026-07-19,101,reversal,7.57,56.1,37.1,0.98,5.29,True
2026-07-19,9987,reversal,347.8,56.7,23.5,0.97,3.08,True
2026-07-19,6862,reversal,11.66,50.7,33.7,0.94,4.29,True
2026-07-19,6186,reversal,3.17,60.0,24.2,0.94,7.82,True
2026-07-19,2020,reversal,74.15,54.3,15.9,0.91,1.92,True
2026-07-19,3320,reversal,4.71,54.7,26.5,0.91,4.67,True
2026-07-19,1088,reversal,42.4,50.7,26.8,0.9,6.0,True
2026-07-19,1618,reversal,1.5,59.4,24.0,0.89,7.14,True
2026-07-19,135,reversal,6.81,53.5,28.8,0.89,4.61,True
2026-07-19,6936,reversal,32.2,58.4,25.2,0.88,3.54,True
2026-07-19,300,reversal,92.25,64.5,19.9,0.87,5.91,True
2026-07-19,1113,reversal,47.28,62.5,18.0,0.87,6.78,True
2026-07-19,12,reversal,27.26,56.1,34.3,0.87,6.65,True
2026-07-19,576,reversal,6.47,53.7,23.0,0.86,5.03,True
2026-07-19,1513,reversal,26.22,53.4,18.8,0.86,2.26,True
2026-07-19,2714,reversal,33.66,56.3,20.8,0.85,6.45,True
2026-07-19,1876,reversal,6.54,51.5,32.0,0.85,7.21,True
2026-07-19,1211,reversal,88.7,57.0,20.1,0.84,5.47,True
2026-07-19,9618,reversal,116.3,62.6,24.6,0.84,11.61,True
2026-07-19,1972,reversal,22.28,61.0,27.1,0.84,5.69,True
2026-07-19,548,reversal,6.59,51.0,14.8,0.84,3.29,True
2026-07-19,1209,reversal,39.42,50.3,16.5,0.81,2.18,True
2026-07-19,1768,reversal,377.8,52.8,24.9,0.81,4.36,True
2026-07-19,23,reversal,13.63,62.3,22.7,0.81,6.82,True
2026-07-19,1044,reversal,24.08,59.0,23.6,0.81,6.08,True
2026-07-19,2318,reversal,54.6,50.1,35.2,0.78,4.9,True
2026-07-19,2313,reversal,44.4,57.7,16.7,0.78,6.22,True
2026-07-19,142,reversal,5.23,59.3,21.3,0.78,4.18,True
2026-07-19,1988,reversal,3.47,58.1,25.0,0.77,8.1,True
2026-07-19,3360,reversal,6.44,56.4,26.3,0.77,10.65,True
2026-07-19,3606,reversal,54.4,56.2,25.5,0.76,5.12,True
2026-07-19,598,reversal,4.31,56.0,32.7,0.76,7.48,True
2026-07-19,874,reversal,15.83,61.7,20.8,0.76,6.1,True
2026-07-19,1398,reversal,6.91,56.9,20.0,0.75,7.47,True
2026-07-19,7618,reversal,13.04,52.3,17.2,0.75,6.8,True
2026-07-19,83690,reversal,71.9,59.2,20.9,0.74,17.39,True
2026-07-19,551,reversal,13.66,56.6,33.3,0.74,7.56,True
2026-07-19,3968,reversal,47.08,56.4,19.6,0.73,6.52,True
2026-07-19,1299,reversal,75.55,52.3,26.1,0.72,3.14,True
2026-07-19,6060,reversal,10.14,50.4,23.4,0.71,5.85,True
2026-07-19,9898,reversal,60.6,54.1,23.6,0.7,4.03,True
2026-07-19,363,reversal,13.3,54.1,30.8,0.69,4.4,True
2026-07-19,2423,reversal,45.04,64.2,17.9,0.68,14.03,True
2026-07-19,390,reversal,3.47,52.0,23.1,0.68,4.83,True
2026-07-19,525,reversal,2.23,56.8,18.7,0.68,4.21,True
2026-07-19,6993,reversal,3.08,58.0,29.6,0.67,3.36,True
2026-07-19,220,reversal,7.61,56.5,17.7,0.66,3.26,True
2026-07-19,89988,reversal,97.0,55.3,28.9,0.65,19.53,True
2026-07-19,811,reversal,9.3,57.1,24.4,0.65,5.68,True
2026-07-19,941,reversal,79.95,53.6,32.0,0.64,4.24,True
2026-07-19,1099,reversal,17.57,58.5,28.0,0.64,4.96,True
2026-07-19,81211,reversal,76.5,56.0,29.4,0.63,4.94,True
2026-07-19,3618,reversal,6.37,54.7,20.5,0.63,7.42,True
2026-07-19,2016,reversal,2.27,50.1,29.1,0.63,5.09,True
2026-07-19,322,reversal,11.59,60.4,26.4,0.63,6.14,True
2026-07-19,80388,reversal,336.4,54.0,22.7,0.61,3.83,True
2026-07-19,2602,reversal,17.79,52.1,16.7,0.59,8.01,True
2026-07-19,6618,reversal,37.22,50.7,22.0,0.58,3.1,True
2026-07-19,9899,reversal,115.9,51.1,13.7,0.54,3.67,True
2026-07-19,8,reversal,5.71,56.0,26.1,0.53,4.39,True
2026-07-19,696,reversal,8.59,52.2,27.4,0.52,5.53,True
2026-07-19,80016,reversal,105.1,54.9,22.2,0.5,7.46,True
2026-07-19,2343,reversal,3.1,55.1,15.2,0.5,6.9,True
2026-07-19,2698,reversal,27.58,55.3,8.3,0.48,5.59,True
2026-07-19,2388,reversal,46.5,54.8,19.2,0.44,7.59,True
2026-07-19,2638,reversal,6.38,58.1,18.1,0.43,1.75,True
2026-07-19,1908,reversal,14.28,51.1,18.2,0.34,1.2,True
2026-07-19,1828,reversal,29.32,51.0,18.8,0.33,4.42,True
2026-07-19,80941,reversal,69.0,51.6,34.3,0.19,3.99,True
2026-07-19,82388,reversal,40.02,53.5,19.0,0.09,8.1,True
2026-07-19,2225,gaining_momentum,3.56,53.4,14.2,4.03,10.56,True
2026-07-19,285,gaining_momentum,23.98,54.5,26.4,2.51,7.73,True
2026-07-19,291,gaining_momentum,23.7,58.9,25.7,2.28,7.14,True
2026-07-19,631,gaining_momentum,7.5,52.4,29.8,2.22,3.73,True
2026-07-19,371,gaining_momentum,2.39,50.6,45.2,2.15,4.37,True
2026-07-19,945,gaining_momentum,338.0,73.7,12.1,1.92,4.97,True
2026-07-19,6098,gaining_momentum,5.66,60.6,31.7,1.92,8.43,True
2026-07-19,1186,gaining_momentum,4.96,59.9,26.8,1.82,5.76,True
2026-07-19,1882,gaining_momentum,20.08,55.0,14.6,1.8,3.51,True
2026-07-19,1066,gaining_momentum,3.48,59.6,21.7,1.8,6.75,True
2026-07-20,6127,trending,23.56,61.3,31.9,1.56,19.59,True
2026-07-20,2359,trending,157.2,59.4,31.5,0.94,1.09,True
2026-07-20,2315,trending,53.0,57.1,26.3,0.92,6.0,True
2026-07-20,3774,trending,15.95,57.9,62.5,0.9,-3.04,True
2026-07-20,1801,trending,92.5,60.3,26.0,0.84,2.21,True
2026-07-20,2269,trending,38.26,59.9,30.5,0.69,1.22,True
2026-07-20,6821,trending,121.0,56.6,33.6,0.68,5.03,True
2026-07-20,6990,trending,504.0,56.5,31.9,0.67,-3.72,True
2026-07-20,2162,trending,87.2,66.8,37.1,0.53,0.4,True
2026-07-20,2225,early_uptrend,3.62,54.6,14.5,2.32,12.42,True
2026-07-20,6127,early_uptrend,23.56,61.3,31.9,1.56,19.59,True
2026-07-20,2057,early_uptrend,190.5,64.2,24.8,1.49,4.1,True
2026-07-20,2314,early_uptrend,3.41,69.5,22.1,1.41,9.65,True
2026-07-20,300,early_uptrend,94.35,69.0,21.3,1.31,6.79,True
2026-07-20,2595,early_uptrend,36.12,55.1,36.0,1.23,5.68,True
2026-07-20,1898,reversal,10.8,51.6,41.3,2.81,5.16,True
2026-07-20,82318,reversal,48.1,55.0,28.3,2.5,5.11,True
2026-07-20,1698,reversal,36.1,56.7,12.4,2.17,3.44,True
2026-07-20,89988,reversal,101.0,60.6,28.1,1.83,22.05,True
2026-07-20,883,reversal,23.9,59.8,26.4,1.74,13.59,True
2026-07-20,2648,reversal,72.45,53.6,18.1,1.71,2.55,True
2026-07-20,1788,reversal,2.13,56.0,9.5,1.69,3.9,True
2026-07-20,23,reversal,13.83,66.2,22.5,1.68,9.24,True
2026-07-20,3320,reversal,4.81,58.7,25.6,1.59,5.25,True
2026-07-20,1919,reversal,15.19,68.6,17.3,1.52,10.23,True
2026-07-20,1033,reversal,0.63,51.5,17.7,1.52,6.78,True
2026-07-20,939,reversal,8.65,60.8,20.0,1.48,10.19,True
2026-07-20,392,reversal,32.0,72.8,31.2,1.46,10.88,True
2026-07-20,3328,reversal,7.23,59.1,22.5,1.4,9.05,True
2026-07-20,144,reversal,14.68,67.8,32.8,1.38,11.21,True
2026-07-20,6969,reversal,8.41,57.6,22.2,1.37,8.8,True
2026-07-20,902,reversal,6.06,53.8,36.1,1.36,10.58,True
2026-07-20,2016,reversal,2.33,57.0,28.0,1.35,6.88,True
2026-07-20,6655,reversal,14.59,63.5,25.3,1.35,11.97,True
2026-07-20,270,reversal,8.12,62.5,18.8,1.34,7.27,True
2026-07-20,3311,reversal,7.99,57.7,31.4,1.34,9.15,True
2026-07-20,1816,reversal,2.88,54.9,40.5,1.33,7.46,True
2026-07-20,6818,reversal,3.08,51.7,21.0,1.33,5.12,True
2026-07-20,371,reversal,2.48,61.2,43.5,1.33,5.98,True
2026-07-20,300,reversal,94.35,69.0,21.3,1.31,6.79,True
2026-07-20,1288,reversal,5.91,64.1,23.0,1.29,11.51,True
2026-07-20,1766,reversal,4.81,51.9,39.6,1.29,3.66,True
2026-07-20,2020,reversal,76.85,63.7,16.8,1.28,3.15,True
2026-07-20,168,reversal,45.84,50.3,23.6,1.26,0.92,True
2026-07-20,1398,reversal,7.11,63.8,20.6,1.24,10.58,True
2026-07-20,2595,reversal,36.12,55.1,36.0,1.23,5.68,True
2026-07-20,9633,reversal,42.22,51.9,18.7,1.2,1.64,True
2026-07-20,6936,reversal,32.98,63.5,26.1,1.2,5.3,True
2026-07-20,1882,reversal,20.22,56.4,15.2,1.2,2.64,True
2026-07-20,1618,reversal,1.53,63.4,24.5,1.19,9.29,True
2026-07-20,6186,reversal,3.24,64.1,24.3,1.19,5.88,True
2026-07-20,1658,reversal,4.98,59.7,26.4,1.18,8.73,True
2026-07-20,3968,reversal,48.76,65.3,20.1,1.17,7.5,True
2026-07-20,2883,reversal,7.07,54.3,34.8,1.16,9.44,True
2026-07-20,9961,reversal,350.2,54.3,20.8,1.15,7.62,True
2026-07-20,2423,reversal,44.52,61.7,19.5,1.15,11.47,True
2026-07-20,6055,reversal,21.52,53.0,33.2,1.15,7.06,True
2026-07-20,268,reversal,7.12,54.0,15.7,1.13,10.9,True
2026-07-20,1606,reversal,1.45,52.8,34.5,1.13,6.62,True
2026-07-20,2601,reversal,29.46,54.3,28.3,1.12,4.17,True
2026-07-20,836,reversal,19.04,59.8,32.9,1.12,9.99,True
2026-07-20,525,reversal,2.25,59.2,19.4,1.12,3.69,True
2026-07-20,874,reversal,15.87,62.4,21.0,1.11,4.0,True
2026-07-20,857,reversal,9.99,62.1,28.5,1.1,12.12,True
2026-07-20,82388,reversal,40.46,56.7,19.1,1.1,9.17,True
2026-07-20,598,reversal,4.47,63.9,32.8,1.09,10.1,True
2026-07-20,9618,reversal,120.0,67.6,25.5,1.08,13.74,True
2026-07-20,1513,reversal,26.64,56.3,18.6,1.08,0.0,True
2026-07-20,291,reversal,24.08,62.2,26.5,1.07,5.8,True
2026-07-20,1071,reversal,4.04,51.8,32.8,1.07,3.32,True
2026-07-20,9987,reversal,351.0,58.9,23.1,1.06,4.59,True
2026-07-20,285,reversal,24.14,55.4,26.0,1.06,13.12,True
2026-07-20,1193,reversal,15.86,51.3,48.9,1.06,4.62,True
2026-07-20,914,reversal,17.62,53.9,36.8,1.05,2.92,True
2026-07-20,2313,reversal,44.44,57.9,17.4,1.04,6.06,True
2026-07-20,1880,reversal,50.8,50.7,29.7,1.03,5.83,True
2026-07-20,9988,reversal,116.8,60.9,25.9,1.01,21.73,True
2026-07-20,1066,reversal,3.46,58.2,20.3,1.0,6.13,True
2026-07-20,3690,reversal,86.3,63.9,22.7,0.99,15.14,True
2026-07-20,1199,reversal,5.2,68.6,24.0,0.99,8.79,True
2026-07-20,1910,reversal,13.86,50.6,16.8,0.99,-0.07,True
2026-07-20,81810,reversal,23.94,63.0,32.2,0.98,18.87,True
2026-07-20,1988,reversal,3.55,62.6,24.5,0.97,9.57,True
2026-07-20,659,reversal,7.95,53.5,14.4,0.97,1.15,True
2026-07-20,1508,reversal,1.19,53.3,32.0,0.95,6.25,True
2026-07-20,998,reversal,7.27,56.6,24.5,0.94,8.18,True
2026-07-20,916,reversal,5.54,51.8,24.8,0.94,6.13,True
2026-07-20,107,reversal,4.8,53.9,30.0,0.94,4.12,True
2026-07-20,3,reversal,6.88,61.1,29.1,0.93,6.01,True
2026-07-20,390,reversal,3.54,57.8,22.1,0.93,5.67,True
2026-07-20,1109,reversal,34.48,58.2,18.6,0.92,7.28,True
2026-07-20,3988,reversal,5.26,58.0,19.0,0.91,9.13,True
2026-07-20,2318,reversal,55.7,55.7,33.2,0.91,5.39,True
2026-07-20,3866,reversal,4.74,64.6,18.0,0.91,5.1,True
2026-07-20,6993,reversal,3.16,63.6,29.0,0.91,8.22,True
2026-07-20,1876,reversal,6.73,58.8,31.1,0.9,8.03,True
2026-07-20,576,reversal,6.59,59.4,22.3,0.9,6.29,True
2026-07-20,135,reversal,7.02,63.2,28.9,0.89,5.56,True
2026-07-20,1209,reversal,40.14,54.3,16.1,0.87,3.13,True
2026-07-20,2386,reversal,5.36,53.0,15.9,0.87,1.52,True
2026-07-20,548,reversal,6.7,55.9,15.1,0.87,4.36,True
2026-07-20,788,reversal,9.6,57.2,37.0,0.86,6.55,True
2026-07-20,27,reversal,32.14,57.7,27.8,0.86,5.79,True
2026-07-20,175,reversal,18.79,51.5,15.6,0.85,0.8,True
2026-07-20,6098,reversal,5.59,57.2,31.5,0.85,6.48,True
2026-07-20,9985,reversal,7.72,53.4,22.9,0.84,0.0,True
2026-07-20,386,reversal,4.29,58.9,21.4,0.81,4.63,True
2026-07-20,1088,reversal,43.6,57.1,26.6,0.8,6.29,True
2026-07-20,1128,reversal,5.5,61.8,28.8,0.8,7.63,True
2026-07-20,941,reversal,80.8,59.9,30.9,0.79,4.73,True
2026-07-20,2638,reversal,6.36,55.5,18.3,0.79,2.09,True
2026-07-20,80883,reversal,20.64,59.1,25.8,0.77,13.72,True
2026-07-20,388,reversal,397.4,61.4,23.2,0.77,5.58,True
2026-07-20,3618,reversal,6.52,59.7,21.0,0.77,8.13,True
2026-07-20,1585,reversal,10.18,52.3,21.0,0.77,8.64,True
2026-07-20,800,reversal,15.92,50.6,14.0,0.77,8.15,True
2026-07-20,2714,reversal,33.88,57.2,20.8,0.76,3.23,True
2026-07-20,688,reversal,13.66,53.3,26.3,0.76,8.93,True
2026-07-20,9626,reversal,144.7,54.3,16.9,0.75,2.55,True
2026-07-20,2618,reversal,13.65,64.3,26.9,0.73,10.17,True
2026-07-20,1070,reversal,14.74,54.4,20.1,0.73,-1.67,True
2026-07-20,1810,reversal,27.74,62.7,31.6,0.72,19.16,True
2026-07-20,1093,reversal,8.5,62.5,30.9,0.71,3.28,True
2026-07-20,101,reversal,7.59,56.8,35.7,0.71,6.15,True
2026-07-20,363,reversal,13.5,58.4,29.9,0.71,5.39,True
2026-07-20,1339,reversal,5.22,55.3,18.0,0.7,2.55,True
2026-07-20,9896,reversal,25.4,58.5,24.0,0.7,7.54,True
2026-07-20,728,reversal,4.72,56.0,18.4,0.69,7.03,True
2026-07-20,1963,reversal,7.92,57.2,37.3,0.68,5.74,True
2026-07-20,241,reversal,3.45,51.0,21.7,0.66,2.99,True
2026-07-20,1099,reversal,17.62,59.1,27.4,0.65,2.2,True
2026-07-20,8,reversal,5.73,57.1,25.9,0.65,5.52,True
2026-07-20,2356,reversal,12.6,55.3,18.4,0.65,5.53,True
2026-07-20,1113,reversal,47.92,66.1,18.5,0.64,8.37,True
2026-07-20,10,reversal,13.67,56.1,36.0,0.64,4.67,True
2026-07-20,1299,reversal,75.75,53.0,24.6,0.63,2.36,True
2026-07-20,551,reversal,13.76,58.2,31.9,0.63,6.83,True
2026-07-20,3606,reversal,55.45,59.2,25.3,0.62,2.12,True
2026-07-20,683,reversal,19.12,51.2,33.9,0.62,3.24,True
2026-07-20,1177,reversal,5.17,57.8,29.8,0.61,2.38,True
2026-07-20,3360,reversal,6.57,59.3,26.0,0.61,10.79,True
2026-07-20,1211,reversal,90.15,59.2,19.8,0.6,7.58,True
2026-07-20,2388,reversal,47.1,58.4,18.7,0.59,9.64,True
2026-07-20,89618,reversal,103.7,64.5,21.0,0.59,14.21,True
2026-07-20,177,reversal,10.07,55.2,27.3,0.59,6.0,True
2026-07-20,142,reversal,5.29,62.2,21.3,0.58,4.34,True
2026-07-20,6060,reversal,10.52,55.7,22.3,0.58,8.12,True
2026-07-20,3288,reversal,32.4,59.7,16.6,0.56,3.78,True
2026-07-20,2099,reversal,142.5,50.4,13.2,0.56,-2.53,True
2026-07-20,257,reversal,4.95,57.0,33.6,0.55,3.56,True
2026-07-20,12,reversal,27.28,56.3,33.1,0.54,6.48,True
2026-07-20,811,reversal,9.48,62.5,24.9,0.53,6.52,True
2026-07-20,2202,reversal,2.44,51.0,18.9,0.52,5.63,True
2026-07-20,220,reversal,7.62,56.7,17.7,0.52,-1.04,True
2026-07-20,1044,reversal,24.04,58.3,23.7,0.52,3.62,True
2026-07-20,6618,reversal,38.28,54.3,21.4,0.51,1.32,True
2026-07-20,696,reversal,8.72,56.3,26.2,0.51,5.7,True
2026-07-20,6049,reversal,28.72,58.9,22.3,0.5,6.45,True
2026-07-20,6862,reversal,11.75,52.2,31.9,0.49,5.86,True
2026-07-20,1908,reversal,14.45,52.9,17.1,0.49,-2.63,True
2026-07-20,322,reversal,11.75,62.7,27.2,0.48,4.35,True
2026-07-20,9898,reversal,62.15,60.8,22.3,0.48,5.16,True
2026-07-20,1768,reversal,390.8,55.7,24.1,0.45,-1.31,True
2026-07-20,9899,reversal,119.3,55.1,12.8,0.45,5.48,True
2026-07-20,2343,reversal,3.09,54.4,14.8,0.45,3.69,True
2026-07-20,80941,reversal,69.7,57.6,33.1,0.44,4.19,True
2026-07-20,1828,reversal,29.38,51.6,18.2,0.43,4.7,True
2026-07-20,3698,reversal,4.75,52.7,24.5,0.42,8.45,True
2026-07-20,6198,reversal,6.88,54.7,28.0,0.38,6.17,True
2026-07-20,7618,reversal,13.71,58.1,16.0,0.38,12.75,True
2026-07-20,53,reversal,70.0,59.0,18.5,0.34,3.17,True
2026-07-20,80388,reversal,342.4,59.6,21.4,0.32,4.77,True
2026-07-20,81211,reversal,78.0,58.6,29.5,0.28,7.22,True
2026-07-20,2778,reversal,2.25,55.5,20.5,0.28,5.63,True
2026-07-20,83690,reversal,74.5,62.8,21.9,0.22,20.36,True
2026-07-20,2225,gaining_momentum,3.62,54.6,14.5,2.32,12.42,True
2026-07-21,2689,trending,7.79,61.6,25.2,1.88,5.84,True
2026-07-21,3774,trending,16.81,61.1,62.5,1.38,-5.24,True
2026-07-21,2315,trending,51.8,55.0,25.9,1.31,6.94,True
2026-07-21,6127,trending,24.8,64.4,32.5,1.0,34.05,True
2026-07-21,3998,trending,4.95,70.9,26.8,0.93,5.77,True
2026-07-21,1579,trending,15.36,64.1,31.6,0.71,8.55,True
2026-07-21,6990,trending,511.5,57.8,32.0,0.64,-0.49,True
2026-07-21,6821,trending,122.4,57.6,32.8,0.64,10.17,True
2026-07-21,2269,trending,38.82,61.5,30.0,0.61,5.55,True
2026-07-21,1801,trending,92.15,59.6,25.9,0.54,5.68,True
2026-07-21,2359,trending,158.4,60.3,31.0,0.5,5.39,True
2026-07-21,2162,trending,87.0,66.4,36.8,0.33,2.9,True
2026-07-21,2314,early_uptrend,3.78,80.7,25.1,5.19,21.54,True
2026-07-21,2225,early_uptrend,4.1,62.9,15.8,2.19,31.41,True
2026-07-21,1308,early_uptrend,36.7,67.1,17.5,1.6,11.28,True
2026-07-21,2315,early_uptrend,51.8,55.0,25.9,1.31,6.94,True
2026-07-21,1919,early_uptrend,15.21,68.8,18.8,1.29,11.43,True
2026-07-21,9618,early_uptrend,121.1,69.0,26.8,1.27,16.0,True
2026-07-21,1929,early_uptrend,12.32,60.4,15.8,1.25,8.36,True
2026-07-21,1133,reversal,16.16,51.9,29.5,3.41,6.11,True
2026-07-21,81810,reversal,23.68,60.6,32.3,3.34,18.4,True
2026-07-21,3317,reversal,126.0,51.0,27.6,2.84,15.81,True
2026-07-21,683,reversal,19.19,52.3,31.7,2.01,5.38,True
2026-07-21,1033,reversal,0.66,58.0,17.1,1.94,13.79,True
2026-07-21,3,reversal,6.94,64.2,30.0,1.7,7.1,True
2026-07-21,82318,reversal,48.56,57.4,27.0,1.68,7.24,True
2026-07-21,1818,reversal,20.36,56.1,24.7,1.67,10.41,True
2026-07-21,285,reversal,23.8,52.9,26.2,1.67,17.24,True
2026-07-21,291,reversal,23.88,59.5,27.4,1.54,7.76,True
2026-07-21,23,reversal,13.71,62.0,22.7,1.4,7.03,True
2026-07-21,270,reversal,8.11,61.9,19.8,1.39,8.86,True
2026-07-21,1157,reversal,7.25,50.9,23.8,1.34,1.4,True
2026-07-21,101,reversal,7.57,55.8,34.5,1.34,7.38,True
2026-07-21,80388,reversal,344.6,61.5,20.8,1.32,5.77,True
2026-07-21,53,reversal,70.45,61.8,19.4,1.32,4.45,True
2026-07-21,1919,reversal,15.21,68.8,18.8,1.29,11.43,True
2026-07-21,9618,reversal,121.1,69.0,26.8,1.27,16.0,True
2026-07-21,1606,reversal,1.47,55.5,33.4,1.27,11.36,True
2026-07-21,1208,reversal,7.73,51.4,16.7,1.24,10.11,True
2026-07-21,2259,reversal,108.2,51.7,20.5,1.23,2.46,True
2026-07-21,9898,reversal,62.9,63.6,22.5,1.23,6.52,True
2026-07-21,1988,reversal,3.53,60.8,24.8,1.17,10.66,True
2026-07-21,3698,reversal,4.78,53.8,22.9,1.16,7.66,True
2026-07-21,3668,reversal,31.72,52.1,31.9,1.15,11.93,True
2026-07-21,392,reversal,31.24,63.6,32.4,1.13,8.85,True
2026-07-21,2016,reversal,2.31,54.3,27.5,1.12,7.94,True
2026-07-21,2601,reversal,29.68,55.8,26.5,1.1,7.38,True
2026-07-21,914,reversal,17.55,52.6,35.1,1.1,4.78,True
2026-07-21,83,reversal,10.8,52.4,30.3,1.1,5.57,True
2026-07-21,1071,reversal,4.07,53.5,31.2,1.1,7.96,True
2026-07-21,371,reversal,2.41,51.9,41.9,1.06,4.78,True
2026-07-21,2356,reversal,12.49,52.5,18.4,1.06,4.69,True
2026-07-21,1099,reversal,17.32,54.0,26.2,1.05,1.76,True
2026-07-21,598,reversal,4.45,62.4,33.1,1.05,10.15,True
2026-07-21,2099,reversal,157.7,59.7,13.4,1.04,12.8,True
2026-07-21,8,reversal,5.72,56.3,25.8,1.04,5.34,True
2026-07-21,3311,reversal,7.92,55.3,31.0,1.04,8.49,True
2026-07-21,576,reversal,6.59,59.4,22.5,1.04,5.1,True
2026-07-21,390,reversal,3.57,60.1,21.7,1.01,8.84,True
2026-07-21,2899,reversal,31.52,54.0,12.5,1.0,4.37,True
2026-07-21,696,reversal,8.58,51.2,24.8,0.99,4.13,True
2026-07-21,939,reversal,8.54,56.7,20.6,0.98,9.07,True
2026-07-21,175,reversal,18.62,50.1,15.2,0.98,-3.12,True
2026-07-21,1908,reversal,14.6,54.6,16.5,0.97,4.14,True
2026-07-21,10,reversal,13.68,56.3,34.7,0.97,6.05,True
2026-07-21,1816,reversal,2.87,53.9,38.4,0.96,8.3,True
2026-07-21,1128,reversal,5.44,57.9,28.4,0.95,6.88,True
2026-07-21,388,reversal,399.6,63.0,22.8,0.94,6.33,True
2026-07-21,9633,reversal,42.44,53.1,17.8,0.94,5.62,True
2026-07-21,998,reversal,7.23,54.9,24.1,0.94,7.59,True
2026-07-21,1508,reversal,1.22,58.0,29.8,0.94,9.91,True
2026-07-21,1882,reversal,20.46,58.6,16.2,0.94,2.1,True
2026-07-21,2618,reversal,13.88,66.9,28.2,0.92,13.21,True
2026-07-21,322,reversal,11.38,54.8,28.2,0.92,1.16,True
2026-07-21,135,reversal,6.98,60.6,29.0,0.92,5.92,True
2026-07-21,6969,reversal,8.51,59.2,22.4,0.92,12.12,True
2026-07-21,857,reversal,9.82,57.3,27.3,0.91,9.84,True
2026-07-21,883,reversal,23.5,55.4,25.2,0.9,11.37,True
2026-07-21,2318,reversal,56.25,58.2,31.2,0.9,7.55,True
2026-07-21,83690,reversal,73.4,60.4,22.5,0.9,13.36,True
2026-07-21,1288,reversal,5.75,55.5,23.3,0.89,6.88,True
2026-07-21,3988,reversal,5.19,54.0,18.9,0.89,7.68,True
2026-07-21,144,reversal,14.55,64.8,32.8,0.89,10.48,True
2026-07-21,2313,reversal,43.8,53.5,17.6,0.87,4.24,True
2026-07-21,2638,reversal,6.34,53.0,18.0,0.87,1.28,True
2026-07-21,868,reversal,8.96,51.1,19.4,0.87,5.79,True
2026-07-21,874,reversal,15.93,63.5,21.4,0.85,4.25,True
2026-07-21,9961,reversal,347.8,52.9,20.1,0.84,8.89,True
2026-07-21,902,reversal,6.1,54.9,34.0,0.84,13.59,True
2026-07-21,2648,reversal,71.4,51.4,16.9,0.84,2.96,True
2026-07-21,564,reversal,13.93,51.0,29.2,0.84,2.35,True
2026-07-21,1109,reversal,33.52,52.4,17.8,0.83,6.41,True
2026-07-21,9987,reversal,348.4,56.4,22.8,0.83,4.56,True
2026-07-21,3328,reversal,7.15,55.5,22.5,0.8,8.01,True
2026-07-21,9988,reversal,117.0,61.1,25.3,0.79,22.13,True
2026-07-21,3968,reversal,47.96,59.1,20.9,0.79,6.91,True
2026-07-21,1658,reversal,4.9,54.0,25.8,0.79,6.52,True
2026-07-21,1766,reversal,4.88,55.4,36.9,0.79,6.78,True
2026-07-21,107,reversal,4.8,53.9,28.7,0.79,6.19,True
2026-07-21,6186,reversal,3.24,64.1,25.0,0.78,6.93,True
2026-07-21,1088,reversal,43.14,54.2,26.4,0.77,6.41,True
2026-07-21,788,reversal,9.63,58.0,35.4,0.77,8.08,True
2026-07-21,836,reversal,19.3,62.2,32.1,0.76,13.53,True
2026-07-21,89618,reversal,104.9,66.1,22.2,0.75,14.9,True
2026-07-21,3320,reversal,4.77,56.6,25.2,0.75,7.19,True
2026-07-21,6655,reversal,14.37,60.3,25.5,0.74,11.83,True
2026-07-21,1044,reversal,24.04,58.3,23.6,0.74,4.89,True
2026-07-21,1199,reversal,5.2,68.6,24.7,0.74,9.24,True
2026-07-21,1398,reversal,7.02,59.2,21.2,0.71,8.17,True
2026-07-21,956,reversal,3.19,50.2,40.5,0.71,4.93,True
2026-07-21,386,reversal,4.26,56.1,21.3,0.7,4.41,True
2026-07-21,916,reversal,5.56,52.5,23.5,0.7,10.54,True
2026-07-21,1876,reversal,6.81,61.4,30.9,0.7,11.64,True
2026-07-21,2883,reversal,7.04,53.3,32.5,0.7,12.28,True
2026-07-21,2602,reversal,17.59,50.5,14.5,0.7,1.79,True
2026-07-21,81211,reversal,77.4,57.1,29.8,0.69,6.76,True
2026-07-21,1810,reversal,27.42,60.4,31.9,0.69,18.7,True
2026-07-21,1618,reversal,1.53,63.4,25.0,0.69,10.87,True
2026-07-21,268,reversal,7.28,56.1,15.5,0.69,14.83,True
2026-07-21,688,reversal,13.51,51.1,25.5,0.68,9.3,True
2026-07-21,6060,reversal,10.83,59.6,21.1,0.68,11.53,True
2026-07-21,6862,reversal,11.75,52.2,30.4,0.67,8.0,True
2026-07-21,2343,reversal,3.13,56.7,14.8,0.67,5.03,True
2026-07-21,363,reversal,13.38,55.0,29.3,0.65,5.77,True
2026-07-21,9985,reversal,7.68,52.4,21.6,0.64,2.67,True
2026-07-21,6049,reversal,28.22,53.6,22.9,0.64,6.17,True
2026-07-21,177,reversal,10.0,52.7,26.0,0.63,5.93,True
2026-07-21,257,reversal,5.02,60.7,32.2,0.63,6.81,True
2026-07-21,659,reversal,8.06,58.7,14.5,0.62,4.68,True
2026-07-21,3939,reversal,10.11,55.9,12.8,0.6,11.47,True
2026-07-21,6098,reversal,5.53,54.5,31.0,0.6,7.8,True
2026-07-21,1339,reversal,5.26,56.7,16.8,0.58,4.37,True
2026-07-21,12,reversal,27.74,60.2,32.3,0.58,8.53,True
2026-07-21,6618,reversal,38.7,55.6,20.6,0.58,6.85,True
2026-07-21,1113,reversal,47.82,65.1,19.3,0.57,10.13,True
2026-07-21,6818,reversal,3.08,51.7,20.5,0.56,6.57,True
2026-07-21,1828,reversal,29.94,56.9,17.7,0.56,8.4,True
2026-07-21,2386,reversal,5.38,53.9,15.2,0.56,3.26,True
2026-07-21,6993,reversal,3.16,63.6,28.8,0.56,7.48,True
2026-07-21,551,reversal,13.64,55.6,30.4,0.55,6.48,True
2026-07-21,89988,reversal,101.0,60.6,27.7,0.54,21.83,True
2026-07-21,1211,reversal,89.8,58.4,19.3,0.54,7.61,True
2026-07-21,780,reversal,13.16,50.5,40.4,0.54,7.08,True
2026-07-21,6682,reversal,28.98,52.5,16.6,0.54,8.54,True
2026-07-21,3866,reversal,4.66,58.4,19.4,0.53,4.48,True
2026-07-21,2388,reversal,47.06,58.0,18.4,0.52,9.04,True
2026-07-21,728,reversal,4.67,52.2,18.1,0.51,6.38,True
2026-07-21,941,reversal,80.7,58.9,29.9,0.5,4.6,True
2026-07-21,1585,reversal,10.33,55.2,20.1,0.5,6.94,True
2026-07-21,811,reversal,9.41,59.3,25.4,0.47,6.21,True
2026-07-21,3360,reversal,6.69,61.9,25.9,0.46,12.25,True
2026-07-21,347,reversal,1.17,50.1,30.8,0.46,8.33,True
2026-07-21,6198,reversal,6.83,52.6,26.9,0.44,6.39,True
2026-07-21,1768,reversal,384.8,54.0,23.4,0.43,2.83,True
2026-07-21,9698,reversal,32.32,51.6,16.4,0.43,7.66,True
2026-07-21,1963,reversal,7.85,54.4,35.0,0.39,6.37,True
2026-07-21,525,reversal,2.22,54.3,19.8,0.38,1.83,True
2026-07-21,7618,reversal,13.59,56.8,14.9,0.33,13.72,True
2026-07-21,82388,reversal,40.52,57.1,19.3,0.32,8.63,True
2026-07-21,2778,reversal,2.24,54.3,20.8,0.31,4.67,True
2026-07-21,80941,reversal,69.6,56.5,31.6,0.25,4.19,True
2026-07-21,80883,reversal,20.26,54.5,25.2,0.11,11.14,True
2026-07-21,3317,gaining_momentum,126.0,51.0,27.6,2.84,15.81,True
2026-07-21,2698,gaining_momentum,29.28,64.4,9.9,2.35,7.17,True
2026-07-21,2225,gaining_momentum,4.1,62.9,15.8,2.19,31.41,True
2026-07-21,2510,gaining_momentum,8.49,62.1,16.7,2.15,8.43,True
2026-07-21,683,gaining_momentum,19.19,52.3,31.7,2.01,5.38,True
2026-07-22,2689,trending,7.84,62.2,26.1,1.16,5.8,True
2026-07-22,3998,trending,4.85,64.4,26.6,1.12,3.19,True
2026-07-22,2315,trending,51.9,55.1,25.5,0.98,11.37,True
2026-07-22,6127,trending,25.06,65.0,33.5,0.9,39.45,True
2026-07-22,823,trending,39.66,67.0,34.5,0.88,5.82,True
2026-07-22,2442,trending,69.55,54.2,31.2,0.85,-6.01,True
2026-07-22,3759,trending,23.84,70.8,49.3,0.84,17.9,True
2026-07-22,2359,trending,156.7,58.4,31.1,0.78,7.04,True
2026-07-22,1579,trending,15.26,62.3,30.8,0.72,5.39,True
2026-07-22,6821,trending,118.9,54.5,31.8,0.63,8.58,True
2026-07-22,1801,trending,92.25,59.8,26.2,0.58,7.02,True
2026-07-22,2269,trending,38.84,61.6,30.0,0.56,8.92,True
2026-07-22,6990,trending,517.0,58.8,32.4,0.55,7.84,True
2026-07-22,2162,trending,83.6,60.1,36.5,0.45,-0.42,True
2026-07-22,2698,early_uptrend,31.6,73.0,12.1,5.41,16.86,True
2026-07-22,6823,early_uptrend,12.71,74.8,20.3,4.27,6.45,True
2026-07-22,2314,early_uptrend,3.96,83.8,28.3,4.01,27.74,True
2026-07-22,87,early_uptrend,13.81,67.4,19.7,2.67,9.52,True
2026-07-22,2343,early_uptrend,3.3,64.8,15.9,1.54,7.84,True
2026-07-22,6693,reversal,32.04,60.7,16.6,3.25,14.18,True
2026-07-22,2259,reversal,118.2,59.0,21.1,2.8,13.33,True
2026-07-22,1208,reversal,8.47,60.5,17.0,2.68,20.48,True
2026-07-22,1787,reversal,19.86,51.5,30.8,2.07,4.69,True
2026-07-22,10,reversal,13.5,51.1,32.9,2.02,3.93,True
2026-07-22,1133,reversal,16.56,54.1,28.2,1.82,11.07,True
2026-07-22,2356,reversal,12.71,57.2,18.8,1.82,3.08,True
2026-07-22,2899,reversal,33.42,60.7,13.5,1.78,12.37,True
2026-07-22,3939,reversal,10.82,61.6,13.5,1.72,17.99,True
2026-07-22,291,reversal,24.04,61.0,27.3,1.61,7.13,True
2026-07-22,144,reversal,14.82,68.0,32.5,1.61,10.68,True
2026-07-22,1508,reversal,1.27,64.5,29.3,1.6,8.55,True
2026-07-22,968,reversal,2.17,51.6,37.8,1.57,9.6,True
2026-07-22,1818,reversal,21.02,58.9,24.1,1.56,13.38,True
2026-07-22,2099,reversal,172.4,66.3,14.7,1.56,21.92,True
2026-07-22,2343,reversal,3.3,64.8,15.9,1.54,7.84,True
2026-07-22,1606,reversal,1.45,52.3,32.4,1.47,9.02,True
2026-07-22,3618,reversal,6.33,51.8,19.6,1.41,1.93,True
2026-07-22,1157,reversal,7.32,52.8,22.4,1.39,3.83,True
2026-07-22,23,reversal,13.69,61.4,22.4,1.39,4.9,True
2026-07-22,2016,reversal,2.29,51.7,26.6,1.26,5.05,True
2026-07-22,9633,reversal,42.9,55.8,16.9,1.16,5.25,True
2026-07-22,390,reversal,3.49,52.1,20.4,1.16,6.08,True
2026-07-22,3668,reversal,33.66,60.2,30.7,1.15,14.8,True
2026-07-22,551,reversal,13.52,53.1,28.3,1.15,5.79,True
2026-07-22,1816,reversal,2.91,57.4,36.8,1.13,6.2,True
2026-07-22,1171,reversal,12.13,52.8,28.5,1.13,10.78,True
2026-07-22,1898,reversal,10.91,53.2,36.4,1.12,7.7,True
2026-07-22,2618,reversal,13.76,64.2,29.5,1.11,9.82,True
2026-07-22,1919,reversal,15.47,71.7,20.6,1.1,10.82,True
2026-07-22,1088,reversal,44.18,59.2,26.8,1.07,6.66,True
2026-07-22,1044,reversal,23.62,51.3,22.6,1.07,2.87,True
2026-07-22,883,reversal,24.1,60.1,24.5,1.04,10.65,True
2026-07-22,6969,reversal,8.48,58.5,22.5,1.04,6.67,True
2026-07-22,1033,reversal,0.68,61.7,17.2,1.03,13.33,True
2026-07-22,1766,reversal,4.89,55.8,34.3,0.97,6.3,True
2026-07-22,6049,reversal,28.18,53.2,22.6,0.97,4.45,True
2026-07-22,811,reversal,9.4,58.9,25.3,0.97,5.86,True
2026-07-22,9988,reversal,113.6,55.4,24.1,0.96,5.67,True
2026-07-22,1109,reversal,33.38,51.6,16.6,0.94,3.34,True
2026-07-22,874,reversal,15.76,58.4,21.2,0.93,2.2,True
2026-07-22,525,reversal,2.25,58.0,20.1,0.93,2.27,True
2026-07-22,268,reversal,7.43,58.0,15.6,0.91,1.92,True
2026-07-22,2386,reversal,5.39,54.4,14.9,0.91,3.06,True
2026-07-22,12,reversal,27.52,57.5,31.5,0.9,7.92,True
2026-07-22,991,reversal,2.56,52.4,19.6,0.9,8.94,True
2026-07-22,598,reversal,4.48,63.8,33.0,0.89,10.07,True
2026-07-22,2648,reversal,73.8,55.8,15.9,0.88,6.49,True
2026-07-22,3311,reversal,8.12,60.3,30.7,0.87,8.7,True
2026-07-22,2601,reversal,30.0,58.0,25.1,0.86,7.37,True
2026-07-22,1882,reversal,20.34,57.0,16.9,0.85,3.62,True
2026-07-22,6655,reversal,14.22,58.2,25.3,0.84,11.18,True
2026-07-22,6196,reversal,0.9,50.2,32.2,0.83,3.45,True
2026-07-22,388,reversal,400.6,63.7,22.1,0.82,5.2,True
2026-07-22,939,reversal,8.55,57.0,20.0,0.8,3.26,True
2026-07-22,1618,reversal,1.53,63.4,25.7,0.8,6.99,True
2026-07-22,89988,reversal,97.9,54.8,26.7,0.78,4.82,True
2026-07-22,8,reversal,5.75,58.1,25.3,0.78,4.55,True
2026-07-22,3320,reversal,4.78,57.0,24.5,0.78,5.52,True
2026-07-22,1378,reversal,23.16,50.3,29.6,0.77,10.29,True
2026-07-22,2866,reversal,0.92,52.3,36.6,0.77,4.55,True
2026-07-22,3698,reversal,4.82,55.4,21.8,0.76,6.64,True
2026-07-22,135,reversal,6.97,60.0,28.6,0.76,4.34,True
2026-07-22,6098,reversal,5.49,52.7,30.0,0.76,5.17,True
2026-07-22,80883,reversal,20.8,59.3,25.1,0.75,9.76,True
2026-07-22,2883,reversal,7.17,56.9,31.0,0.75,9.13,True
2026-07-22,3866,reversal,4.66,58.4,20.0,0.75,2.42,True
2026-07-22,257,reversal,5.04,61.8,31.0,0.75,5.66,True
2026-07-22,1199,reversal,5.18,66.9,24.5,0.75,6.15,True
2026-07-22,1113,reversal,47.86,65.3,18.7,0.74,7.45,True
2026-07-22,371,reversal,2.45,56.0,40.2,0.74,6.52,True
2026-07-22,107,reversal,4.75,50.9,27.2,0.74,4.63,True
2026-07-22,82388,reversal,40.8,59.2,19.7,0.73,3.61,True
2026-07-22,322,reversal,11.48,56.4,28.9,0.72,2.32,True
2026-07-22,1828,reversal,29.74,54.6,17.2,0.72,2.41,True
2026-07-22,1277,reversal,1.72,54.3,18.1,0.72,7.5,True
2026-07-22,3,reversal,6.93,63.3,30.8,0.71,6.45,True
2026-07-22,916,reversal,5.65,55.5,22.8,0.71,10.57,True
2026-07-22,914,reversal,17.67,54.7,33.6,0.71,4.06,True
2026-07-22,836,reversal,19.31,62.3,31.5,0.71,10.79,True
2026-07-22,6682,reversal,28.42,50.7,16.3,0.71,2.6,True
2026-07-22,868,reversal,9.03,52.9,18.5,0.7,5.86,True
2026-07-22,3988,reversal,5.19,54.0,18.5,0.69,1.96,True
2026-07-22,788,reversal,9.66,58.9,34.2,0.68,6.39,True
2026-07-22,1071,reversal,4.15,57.8,30.1,0.68,8.36,True
2026-07-22,285,reversal,23.5,50.7,26.0,0.68,10.02,True
2026-07-22,82318,reversal,48.68,58.0,25.5,0.67,4.02,True
2026-07-22,3328,reversal,7.19,56.9,22.5,0.67,4.35,True
2026-07-22,857,reversal,10.05,61.6,25.8,0.66,10.2,True
2026-07-22,1810,reversal,26.68,55.2,30.9,0.66,5.45,True
2026-07-22,576,reversal,6.62,60.8,22.5,0.66,5.58,True
2026-07-22,659,reversal,7.99,54.5,14.4,0.66,3.77,True
2026-07-22,1658,reversal,4.85,50.7,25.1,0.64,2.32,True
2026-07-22,83,reversal,10.85,53.9,28.2,0.64,5.24,True
2026-07-22,1288,reversal,5.72,54.1,23.4,0.63,1.24,True
2026-07-22,386,reversal,4.26,56.1,21.3,0.63,3.9,True
2026-07-22,1988,reversal,3.5,58.2,24.6,0.63,5.42,True
2026-07-22,1876,reversal,6.69,55.7,30.2,0.63,8.43,True
2026-07-22,9618,reversal,118.6,62.6,27.0,0.62,9.41,True
2026-07-22,1398,reversal,7.0,58.2,21.8,0.61,2.64,True
2026-07-22,2318,reversal,56.5,59.4,29.0,0.61,4.92,True
2026-07-22,363,reversal,13.48,57.2,28.1,0.61,4.82,True
2026-07-22,3968,reversal,47.98,59.2,20.9,0.6,4.94,True
2026-07-22,2638,reversal,6.41,59.9,18.0,0.59,2.56,True
2026-07-22,270,reversal,8.14,63.0,20.7,0.59,8.1,True
2026-07-22,6186,reversal,3.21,61.0,24.8,0.58,5.59,True
2026-07-22,6993,reversal,3.15,62.4,28.3,0.58,7.51,True
2026-07-22,1211,reversal,87.85,54.2,18.1,0.57,2.33,True
2026-07-22,902,reversal,6.06,53.5,32.3,0.57,9.39,True
2026-07-22,1339,reversal,5.28,57.4,15.7,0.56,4.14,True
2026-07-22,392,reversal,31.18,63.0,33.5,0.56,5.91,True
2026-07-22,6060,reversal,10.84,59.7,20.1,0.56,7.86,True
2026-07-22,941,reversal,80.55,57.3,28.8,0.55,2.61,True
2026-07-22,998,reversal,7.22,54.5,23.6,0.52,3.0,True
2026-07-22,2388,reversal,47.42,60.2,18.3,0.49,4.4,True
2026-07-22,1193,reversal,15.86,51.3,43.3,0.48,4.2,True
2026-07-22,1585,reversal,10.27,53.8,19.2,0.48,8.56,True
2026-07-22,683,reversal,19.13,51.3,29.7,0.48,3.69,True
2026-07-22,6818,reversal,3.07,50.7,19.9,0.47,1.99,True
2026-07-22,6618,reversal,37.68,51.6,19.8,0.45,0.96,True
2026-07-22,1963,reversal,7.89,55.7,32.9,0.42,6.62,True
2026-07-22,81810,reversal,22.98,54.7,31.0,0.41,4.55,True
2026-07-22,267,reversal,11.71,51.3,31.0,0.41,5.78,True
2026-07-22,7618,reversal,13.62,57.1,13.9,0.38,11.18,True
2026-07-22,3360,reversal,6.57,58.0,25.6,0.36,13.86,True
2026-07-22,6198,reversal,6.89,54.8,25.7,0.35,5.67,True
2026-07-22,80388,reversal,345.2,62.0,19.9,0.31,4.29,True
2026-07-22,956,reversal,3.2,50.9,38.5,0.29,5.61,True
2026-07-22,81211,reversal,75.8,53.4,29.3,0.25,-0.13,True
2026-07-22,9698,reversal,32.0,50.3,15.5,0.24,0.95,True
2026-07-22,9985,reversal,7.61,50.7,20.7,0.24,3.4,True
2026-07-22,53,reversal,70.0,57.5,20.1,0.23,4.48,True
2026-07-22,2778,reversal,2.26,56.4,21.3,0.23,2.73,True
2026-07-22,80941,reversal,69.5,55.4,30.3,0.16,1.98,True
2026-07-22,89618,reversal,102.2,59.4,22.4,0.13,8.32,True
2026-07-22,2698,gaining_momentum,31.6,73.0,12.1,5.41,16.86,True
2026-07-22,6823,gaining_momentum,12.71,74.8,20.3,4.27,6.45,True
2026-07-22,1208,gaining_momentum,8.47,60.5,17.0,2.68,20.48,True
2026-07-22,3296,gaining_momentum,74.2,55.4,17.7,2.65,7.77,True
2026-07-22,1258,gaining_momentum,14.68,62.5,12.9,2.19,23.36,True
2026-07-22,1787,gaining_momentum,19.86,51.5,30.8,2.07,4.69,True
2026-07-22,2510,gaining_momentum,8.6,64.3,17.8,2.05,9.28,True
2026-07-22,3858,gaining_momentum,55.2,46.5,28.6,1.82,13.25,True
2026-07-23,19,trending,93.25,74.6,25.9,1.38,12.55,True
2026-07-23,823,trending,39.58,65.9,35.6,0.81,4.65,True
2026-07-23,300,trending,96.25,72.0,25.8,0.78,8.82,True
2026-07-23,3998,trending,4.88,65.4,26.2,0.69,3.39,True
2026-07-23,316,trending,147.2,71.8,25.8,0.55,15.81,True
2026-07-23,2269,trending,39.24,62.9,29.9,0.54,5.88,True
2026-07-23,2689,trending,7.86,62.5,27.0,0.54,9.62,True
2026-07-23,6127,trending,25.04,65.0,34.3,0.51,37.36,True
2026-07-23,3759,trending,23.7,68.8,49.2,0.48,17.21,True
2026-07-23,2359,trending,158.5,59.9,31.2,0.46,6.38,True
2026-07-23,1579,trending,15.08,59.1,30.1,0.46,6.35,True
2026-07-23,1801,trending,91.05,57.4,26.5,0.43,5.44,True
2026-07-23,6990,trending,521.5,59.6,32.7,0.4,9.79,True
2026-07-23,6821,trending,118.0,53.7,30.7,0.39,2.34,True
2026-07-23,2162,trending,85.5,62.2,35.8,0.32,1.48,True
2026-07-23,2698,early_uptrend,32.1,74.4,14.8,2.75,21.13,True
2026-07-23,2314,early_uptrend,4.1,85.7,31.2,2.59,32.26,True
2026-07-23,6823,early_uptrend,12.77,76.0,22.6,2.07,6.86,True
2026-07-23,590,early_uptrend,24.42,69.9,12.9,1.64,8.15,True
2026-07-23,87,early_uptrend,14.28,73.3,21.7,1.48,13.33,True
2026-07-23,2579,reversal,26.94,52.1,39.6,4.33,11.23,True
2026-07-23,1928,reversal,13.86,53.2,27.0,2.25,5.0,True
2026-07-23,23,reversal,14.09,68.8,23.0,1.83,8.3,True
2026-07-23,2610,reversal,28.32,52.4,37.1,1.63,15.4,True
2026-07-23,1157,reversal,7.59,59.1,21.5,1.56,9.21,True
2026-07-23,2600,reversal,8.63,54.2,24.4,1.55,14.76,True
2026-07-23,10,reversal,13.8,58.1,31.8,1.5,7.14,True
2026-07-23,347,reversal,1.21,57.6,28.9,1.49,10.0,True
2026-07-23,101,reversal,7.54,53.8,31.2,1.44,6.35,True
2026-07-23,1898,reversal,11.17,56.9,35.3,1.41,11.81,True
2026-07-23,3996,reversal,1.12,50.1,19.6,1.33,3.7,True
2026-07-23,991,reversal,2.64,57.0,19.9,1.31,14.29,True
2026-07-23,1963,reversal,8.12,62.6,32.1,1.3,11.69,True
2026-07-23,914,reversal,18.31,63.8,33.5,1.29,9.31,True
2026-07-23,1378,reversal,23.94,55.0,27.9,1.27,18.99,True
2026-07-23,3311,reversal,8.28,63.8,31.2,1.26,13.58,True
2026-07-23,1208,reversal,8.74,63.2,17.6,1.25,25.76,True
2026-07-23,6098,reversal,5.59,56.6,29.5,1.25,8.33,True
2026-07-23,868,reversal,9.33,59.6,18.1,1.24,10.02,True
2026-07-23,2259,reversal,119.5,59.8,21.7,1.23,19.86,True
2026-07-23,1133,reversal,17.11,57.0,27.5,1.21,17.51,True
2026-07-23,1128,reversal,5.45,56.7,25.7,1.21,5.83,True
2026-07-23,1766,reversal,4.94,58.3,32.3,1.19,8.81,True
2026-07-23,8,reversal,5.85,63.5,25.8,1.19,7.14,True
2026-07-23,2788,reversal,17.12,53.1,11.8,1.19,13.75,True
2026-07-23,659,reversal,8.15,61.3,15.1,1.16,5.98,True
2026-07-23,1787,reversal,20.04,52.4,29.1,1.15,10.84,True
2026-07-23,2016,reversal,2.33,56.2,25.9,1.15,7.87,True
2026-07-23,390,reversal,3.57,58.1,20.3,1.12,8.51,True
2026-07-23,291,reversal,23.92,59.3,27.1,1.06,7.84,True
2026-07-23,564,reversal,14.41,56.8,26.2,1.06,7.94,True
2026-07-23,3899,reversal,7.89,51.8,25.8,1.05,4.92,True
2026-07-23,1193,reversal,16.26,59.0,41.0,1.04,7.9,True
2026-07-23,941,reversal,81.4,63.2,28.9,1.03,3.76,True
2026-07-23,968,reversal,2.2,53.9,36.0,1.02,11.68,True
2026-07-23,6993,reversal,3.2,65.9,28.2,1.01,11.11,True
2026-07-23,82388,reversal,41.8,65.5,20.7,0.98,6.25,True
2026-07-23,144,reversal,15.14,71.3,32.7,0.98,15.4,True
2026-07-23,1088,reversal,44.2,59.3,27.4,0.97,7.44,True
2026-07-23,6969,reversal,8.64,61.2,23.0,0.97,13.39,True
2026-07-23,3668,reversal,33.88,61.0,30.0,0.97,13.92,True
2026-07-23,2601,reversal,30.24,59.6,24.1,0.96,10.45,True
2026-07-23,1171,reversal,12.21,53.6,27.3,0.96,14.54,True
2026-07-23,939,reversal,8.74,62.1,20.3,0.95,8.3,True
2026-07-23,728,reversal,4.64,50.3,16.8,0.94,2.65,True
2026-07-23,82318,reversal,49.18,60.6,24.6,0.93,6.91,True
2026-07-23,1398,reversal,7.17,63.8,23.1,0.91,7.82,True
2026-07-23,1199,reversal,5.2,67.8,24.3,0.91,7.66,True
2026-07-23,788,reversal,9.83,63.5,33.8,0.89,9.1,True
2026-07-23,1508,reversal,1.28,65.6,28.8,0.89,12.28,True
2026-07-23,1828,reversal,29.92,56.3,16.9,0.87,3.6,True
2026-07-23,1033,reversal,0.68,61.7,17.4,0.86,15.25,True
2026-07-23,1359,reversal,0.99,51.6,22.1,0.85,4.21,True
2026-07-23,857,reversal,10.11,62.7,24.9,0.84,11.84,True
2026-07-23,3988,reversal,5.31,59.6,18.8,0.84,5.99,True
2026-07-23,998,reversal,7.44,61.6,23.9,0.84,9.41,True
2026-07-23,386,reversal,4.33,61.2,21.6,0.83,5.87,True
2026-07-23,902,reversal,6.16,56.4,30.7,0.83,12.41,True
2026-07-23,83,reversal,10.88,54.9,26.5,0.82,6.77,True
2026-07-23,2202,reversal,2.48,53.8,17.3,0.82,9.73,True
2026-07-23,883,reversal,24.22,61.0,24.0,0.81,11.1,True
2026-07-23,267,reversal,12.06,59.0,29.9,0.81,10.44,True
2026-07-23,3,reversal,6.98,65.8,31.8,0.81,6.08,True
2026-07-23,1071,reversal,4.22,61.2,29.7,0.8,11.35,True
2026-07-23,811,reversal,9.38,57.9,25.2,0.79,5.63,True
2026-07-23,525,reversal,2.23,54.8,20.9,0.77,2.76,True
2026-07-23,817,reversal,1.39,50.3,17.4,0.77,7.75,True
2026-07-23,1876,reversal,6.58,51.0,28.8,0.76,5.96,True
2026-07-23,2318,reversal,57.05,61.8,27.7,0.75,7.14,True
2026-07-23,3328,reversal,7.28,60.0,23.2,0.75,7.53,True
2026-07-23,1816,reversal,2.94,59.8,35.8,0.75,7.69,True
2026-07-23,2799,reversal,0.6,51.4,22.5,0.75,7.14,True
2026-07-23,2343,reversal,3.35,66.7,17.2,0.75,10.56,True
2026-07-23,2388,reversal,48.36,65.3,19.2,0.74,6.66,True
2026-07-23,3698,reversal,4.9,58.5,20.5,0.73,9.13,True
2026-07-23,780,reversal,13.18,50.8,36.5,0.73,5.36,True
2026-07-23,916,reversal,5.8,60.0,22.6,0.72,13.73,True
2026-07-23,80388,reversal,350.2,66.0,20.1,0.7,6.19,True
2026-07-23,1113,reversal,48.32,68.0,18.8,0.7,7.95,True
2026-07-23,1658,reversal,4.91,54.3,24.3,0.68,5.36,True
2026-07-23,2688,reversal,44.62,52.0,38.0,0.67,7.67,True
2026-07-23,1044,reversal,23.56,50.4,21.5,0.67,2.88,True
2026-07-23,598,reversal,4.5,64.7,33.2,0.66,11.66,True
2026-07-23,392,reversal,31.64,65.9,34.7,0.66,8.43,True
2026-07-23,762,reversal,6.63,50.5,23.7,0.65,4.41,True
2026-07-23,836,reversal,19.64,65.4,31.3,0.65,12.94,True
2026-07-23,168,reversal,45.98,51.2,20.1,0.64,6.63,True
2026-07-23,270,reversal,8.27,67.2,22.2,0.64,9.83,True
2026-07-23,6049,reversal,28.36,54.9,22.9,0.63,6.06,True
2026-07-23,696,reversal,8.56,50.6,21.6,0.6,3.51,True
2026-07-23,9961,reversal,345.4,51.5,19.0,0.59,7.0,True
2026-07-23,1988,reversal,3.56,61.7,24.5,0.59,10.56,True
2026-07-23,6865,reversal,6.67,50.2,30.2,0.59,7.06,True
2026-07-23,107,reversal,4.79,53.2,26.3,0.59,6.21,True
2026-07-23,6196,reversal,0.9,50.2,30.8,0.59,5.88,True
2026-07-23,53,reversal,70.3,59.5,21.1,0.58,3.23,True
2026-07-23,285,reversal,24.06,54.5,26.0,0.57,11.6,True
2026-07-23,3900,reversal,7.47,52.1,24.7,0.55,11.16,True
2026-07-23,3968,reversal,48.52,62.0,21.4,0.54,7.87,True
2026-07-23,576,reversal,6.61,60.1,22.4,0.54,6.1,True
2026-07-23,1585,reversal,10.29,54.2,17.9,0.53,9.35,True
2026-07-23,363,reversal,13.56,58.9,27.6,0.51,6.94,True
2026-07-23,1288,reversal,5.85,59.1,23.8,0.5,6.56,True
2026-07-23,9985,reversal,7.76,54.2,19.4,0.5,7.93,True
2026-07-23,6818,reversal,3.16,58.2,20.2,0.49,6.04,True
2026-07-23,1882,reversal,20.06,53.4,17.5,0.49,3.99,True
2026-07-23,956,reversal,3.25,54.6,36.2,0.49,10.54,True
2026-07-23,6060,reversal,10.91,60.6,18.9,0.49,12.24,True
2026-07-23,177,reversal,10.05,54.1,22.5,0.45,4.47,True
2026-07-23,135,reversal,7.09,64.9,28.2,0.45,7.26,True
2026-07-23,9988,reversal,114.9,57.0,22.6,0.43,6.39,True
2026-07-23,81810,reversal,23.34,57.0,29.3,0.43,7.46,True
2026-07-23,1606,reversal,1.49,57.6,31.5,0.43,13.74,True
2026-07-23,2883,reversal,7.19,57.4,29.8,0.42,10.11,True
2026-07-23,688,reversal,13.56,51.8,23.6,0.41,8.13,True
2026-07-23,384,reversal,5.94,51.8,31.8,0.41,9.8,True
2026-07-23,1810,reversal,27.14,57.6,29.7,0.4,8.56,True
2026-07-23,960,reversal,6.79,50.7,20.6,0.38,12.42,True
2026-07-23,2866,reversal,0.92,52.3,34.8,0.37,4.55,True
2026-07-23,6198,reversal,6.95,57.0,25.0,0.34,8.42,True
2026-07-23,3360,reversal,6.66,60.0,25.2,0.33,14.24,True
2026-07-23,80941,reversal,70.35,62.2,30.2,0.29,3.3,True
2026-07-23,89988,reversal,98.9,56.2,25.2,0.28,5.72,True
2026-07-23,80883,reversal,20.84,59.7,25.2,0.17,10.21,True
2026-07-23,89618,reversal,102.2,59.4,22.4,0.13,8.32,True
2026-07-23,2579,gaining_momentum,26.94,52.1,39.6,4.33,11.23,True
2026-07-23,622,gaining_momentum,2.5,73.1,15.2,3.5,25.63,True
2026-07-23,2698,gaining_momentum,32.1,74.4,14.8,2.75,21.13,True
2026-07-23,2580,gaining_momentum,10.61,62.8,11.5,2.73,5.05,True
2026-07-23,2314,gaining_momentum,4.1,85.7,31.2,2.59,32.26,True
2026-07-23,6693,gaining_momentum,32.02,60.6,17.2,2.26,16.27,True
2026-07-23,6823,gaining_momentum,12.77,76.0,22.6,2.07,6.86,True
2026-07-23,293,gaining_momentum,14.11,70.6,23.0,2.02,7.22,True
2026-07-24,823,trending,38.8,55.7,35.3,1.12,3.63,True
2026-07-24,1548,trending,16.1,66.6,32.9,1.1,16.33,True
2026-07-24,316,trending,147.9,72.6,26.1,0.89,14.83,True
2026-07-24,2442,trending,67.5,52.1,29.7,0.86,8.87,True
2026-07-24,1801,trending,89.95,55.3,26.1,0.81,0.28,True
2026-07-24,2689,trending,7.66,58.0,27.2,0.79,5.22,True
2026-07-24,1,trending,72.0,60.6,25.3,0.62,2.86,True
2026-07-24,2618,trending,13.99,66.5,32.7,0.6,10.33,True
2026-07-24,3998,trending,4.75,57.7,25.3,0.53,0.0,True
2026-07-24,6990,trending,514.0,57.5,32.9,0.5,-0.48,True
2026-07-24,3759,trending,23.66,68.4,49.4,0.48,4.69,True
2026-07-24,2269,trending,39.1,62.1,29.8,0.47,3.0,True
2026-07-24,300,trending,94.75,65.2,26.7,0.42,6.76,True
2026-07-24,6127,trending,24.46,62.1,34.7,0.42,20.37,True
2026-07-24,2162,trending,82.8,57.5,35.1,0.4,-1.55,True
2026-07-24,1579,trending,14.87,55.4,28.9,0.38,5.54,True
2026-07-24,2359,trending,157.4,58.5,31.4,0.31,1.48,True
2026-07-24,2356,early_uptrend,13.68,71.5,22.3,7.75,13.91,True
2026-07-24,82388,early_uptrend,44.18,75.3,23.0,5.96,12.7,True
2026-07-24,23,early_uptrend,14.94,78.4,25.3,3.62,14.4,True
2026-07-24,6823,early_uptrend,12.86,77.7,25.1,1.7,7.62,True
2026-07-24,1519,early_uptrend,9.67,60.3,21.1,1.52,6.5,True
2026-07-24,87,early_uptrend,14.38,74.4,23.7,1.35,10.62,True
2026-07-24,590,early_uptrend,24.06,64.5,14.0,1.32,7.31,True
2026-07-24,9858,early_uptrend,3.7,64.8,27.5,1.31,19.35,True
2026-07-24,82388,reversal,44.18,75.3,23.0,5.96,12.7,True
2026-07-24,2388,reversal,51.25,75.6,21.6,2.57,13.03,True
2026-07-24,1508,reversal,1.37,73.7,29.7,1.75,19.13,True
2026-07-24,2630,reversal,78.0,62.1,27.0,1.72,44.44,True
2026-07-24,1928,reversal,13.98,54.8,26.7,1.62,4.8,True
2026-07-24,1766,reversal,4.9,55.6,30.5,1.53,7.22,True
2026-07-24,883,reversal,23.56,53.9,22.8,1.3,7.97,True
2026-07-24,82318,reversal,49.02,59.3,23.7,1.28,6.8,True
2026-07-24,1157,reversal,7.54,57.6,20.8,1.28,8.02,True
2026-07-24,2016,reversal,2.34,57.3,25.6,1.12,7.34,True
2026-07-24,6198,reversal,6.95,57.0,24.6,1.01,10.14,True
2026-07-24,1133,reversal,16.23,51.4,26.4,1.0,10.18,True
2026-07-24,1033,reversal,0.64,51.2,16.1,0.98,4.92,True
2026-07-24,857,reversal,10.21,64.5,24.1,0.86,13.07,True
2026-07-24,1898,reversal,10.96,53.3,34.2,0.85,10.48,True
2026-07-24,780,reversal,13.17,50.7,34.6,0.85,5.28,True
2026-07-24,939,reversal,8.78,63.1,20.7,0.8,8.0,True
2026-07-24,80883,reversal,20.3,53.2,24.5,0.78,7.69,True
2026-07-24,81810,reversal,23.14,55.3,28.0,0.77,3.4,True
2026-07-24,836,reversal,19.24,59.1,30.5,0.77,10.19,True
2026-07-24,1071,reversal,4.13,55.1,28.7,0.77,7.83,True
2026-07-24,3311,reversal,8.19,60.6,31.7,0.77,11.43,True
2026-07-24,1378,reversal,23.3,50.8,26.3,0.74,12.34,True
2026-07-24,1963,reversal,8.11,62.1,31.5,0.73,11.1,True
2026-07-24,3328,reversal,7.34,62.0,24.0,0.72,7.47,True
2026-07-24,3988,reversal,5.33,60.4,19.3,0.71,4.72,True
2026-07-24,3,reversal,6.98,65.8,32.6,0.71,5.28,True
2026-07-24,3668,reversal,32.56,53.9,28.7,0.7,11.28,True
2026-07-24,941,reversal,81.75,65.4,29.0,0.69,3.81,True
2026-07-24,1088,reversal,43.46,54.4,27.5,0.69,6.36,True
2026-07-24,916,reversal,5.7,55.9,22.5,0.69,9.4,True
2026-07-24,2601,reversal,29.76,55.1,22.5,0.66,8.61,True
2026-07-24,390,reversal,3.55,56.2,20.2,0.66,5.34,True
2026-07-24,2318,reversal,56.9,60.7,26.1,0.65,7.26,True
2026-07-24,6993,reversal,3.2,65.9,28.3,0.64,11.89,True
2026-07-24,914,reversal,17.98,57.4,33.4,0.63,6.71,True
2026-07-24,3698,reversal,4.85,55.9,19.3,0.6,6.83,True
2026-07-24,6196,reversal,0.9,50.2,29.5,0.6,3.45,True
2026-07-24,3968,reversal,48.76,63.3,22.0,0.57,6.65,True
2026-07-24,598,reversal,4.5,64.7,33.2,0.57,11.94,True
2026-07-24,788,reversal,9.6,54.6,32.6,0.56,4.69,True
2026-07-24,1193,reversal,16.0,53.1,38.9,0.55,7.1,True
2026-07-24,1398,reversal,7.19,64.4,24.3,0.54,7.96,True
2026-07-24,1658,reversal,4.91,54.3,24.0,0.53,5.14,True
2026-07-24,2883,reversal,7.05,52.5,28.2,0.53,8.63,True
2026-07-24,902,reversal,6.02,51.6,28.8,0.52,7.89,True
2026-07-24,1288,reversal,5.88,60.2,24.5,0.49,7.1,True
2026-07-24,270,reversal,8.19,62.5,23.7,0.48,8.05,True
2026-07-24,1810,reversal,26.72,54.7,28.9,0.47,3.41,True
2026-07-24,998,reversal,7.45,61.9,24.5,0.47,9.24,True
2026-07-24,80941,reversal,70.7,64.6,30.2,0.46,3.74,True
2026-07-24,6818,reversal,3.15,57.1,20.8,0.44,5.0,True
2026-07-24,267,reversal,12.0,57.3,29.0,0.43,8.89,True
2026-07-24,1585,reversal,10.18,51.4,16.8,0.38,6.71,True
2026-07-24,135,reversal,7.07,63.5,27.9,0.33,6.8,True
2026-07-24,1816,reversal,2.88,53.2,34.6,0.32,4.73,True
2026-07-24,347,reversal,1.19,53.3,28.6,0.31,7.21,True
2026-07-24,1828,reversal,29.42,50.6,16.6,0.23,1.45,True
2026-07-24,1606,reversal,1.45,51.4,30.6,0.2,10.69,True
2026-07-24,89618,reversal,102.0,58.9,22.5,0.12,9.03,True
2026-07-24,2218,gaining_momentum,17.85,53.4,15.1,8.53,12.19,True
2026-07-24,2356,gaining_momentum,13.68,71.5,22.3,7.75,13.91,True
2026-07-24,82388,gaining_momentum,44.18,75.3,23.0,5.96,12.7,True
2026-07-24,2388,gaining_momentum,51.25,75.6,21.6,2.57,13.03,True
2026-07-24,622,gaining_momentum,2.68,78.3,18.4,2.03,33.33,True
2026-07-27,293,trending,14.39,72.8,26.1,1.41,9.35,True
2026-07-27,1548,trending,16.82,69.9,34.2,1.29,17.46,True
2026-07-27,1626,trending,23.74,65.2,45.0,1.03,24.29,True
2026-07-27,1398,trending,7.29,67.3,25.9,1.01,6.73,True
2026-07-27,316,trending,149.3,74.0,26.7,0.97,14.23,True
2026-07-27,1919,trending,15.46,68.3,25.5,0.9,9.88,True
2026-07-27,6127,trending,25.02,63.7,35.2,0.87,21.34,True
2026-07-27,1308,trending,38.84,71.5,25.4,0.82,16.78,True
2026-07-27,2359,trending,157.0,58.0,31.6,0.81,3.56,True
2026-07-27,1,trending,72.6,62.4,25.1,0.8,5.52,True
2026-07-27,2689,trending,7.6,56.6,26.9,0.65,6.44,True
2026-07-27,2618,trending,13.87,63.6,34.3,0.57,9.04,True
2026-07-27,823,trending,39.1,58.3,34.7,0.54,4.21,True
2026-07-27,6821,trending,118.2,53.7,28.1,0.53,-2.88,True
2026-07-27,2269,trending,38.66,59.6,29.9,0.5,3.59,True
2026-07-27,6160,trending,199.7,67.8,34.6,0.48,7.31,True
2026-07-27,2162,trending,82.3,56.6,33.8,0.45,0.55,True
2026-07-27,1579,trending,14.98,56.9,28.0,0.39,1.42,True
2026-07-27,1801,trending,89.35,54.1,25.6,0.38,0.28,True
2026-07-27,3759,trending,23.76,68.9,49.8,0.34,7.03,True
2026-07-27,300,trending,94.85,65.5,27.6,0.3,6.81,True
2026-07-27,6990,trending,513.5,57.4,32.8,0.28,1.88,True
2026-07-27,2356,early_uptrend,14.77,79.8,25.4,3.93,22.07,True
2026-07-27,23,early_uptrend,15.47,82.1,28.0,2.94,17.46,True
2026-07-27,2378,early_uptrend,115.2,65.7,16.1,2.22,5.59,True
2026-07-27,9858,early_uptrend,3.96,70.7,29.3,1.62,24.14,True
2026-07-27,939,early_uptrend,8.99,67.9,21.8,1.61,9.37,True
2026-07-27,2343,early_uptrend,3.32,63.8,20.0,1.38,11.04,True
2026-07-27,6993,early_uptrend,3.27,70.3,28.9,1.36,14.34,True
2026-07-27,6963,early_uptrend,3.73,57.8,11.8,1.22,4.48,True
2026-07-27,390,reversal,3.59,59.1,20.5,2.15,7.16,True
2026-07-27,939,reversal,8.99,67.9,21.8,1.61,9.37,True
2026-07-27,6993,reversal,3.27,70.3,28.9,1.36,14.34,True
2026-07-27,82388,reversal,44.52,76.3,25.3,1.35,10.91,True
2026-07-27,2579,reversal,26.7,51.0,37.2,1.28,13.81,True
2026-07-27,883,reversal,23.2,50.4,21.6,1.27,4.22,True
2026-07-27,2039,reversal,7.62,50.2,19.3,1.23,7.32,True
2026-07-27,857,reversal,9.85,54.5,22.5,1.17,6.49,True
2026-07-27,868,reversal,8.95,50.1,16.0,1.14,8.09,True
2026-07-27,2388,reversal,51.55,76.4,24.0,1.1,11.0,True
2026-07-27,1288,reversal,6.03,65.2,25.9,1.09,8.84,True
2026-07-27,1876,reversal,6.59,51.5,25.2,1.09,4.77,True
2026-07-27,3328,reversal,7.42,64.5,25.0,1.06,7.23,True
2026-07-27,1398,reversal,7.29,67.3,25.9,1.01,6.73,True
2026-07-27,6196,reversal,0.91,53.6,28.3,0.99,5.81,True
2026-07-27,836,reversal,18.98,55.4,28.9,0.9,8.27,True
2026-07-27,6198,reversal,7.03,59.9,24.6,0.9,7.49,True
2026-07-27,1898,reversal,10.8,50.6,32.1,0.88,8.43,True
2026-07-27,998,reversal,7.68,68.0,25.7,0.87,11.14,True
2026-07-27,1157,reversal,7.59,58.7,20.0,0.86,10.96,True
2026-07-27,780,reversal,13.49,54.5,33.0,0.85,10.76,True
2026-07-27,1071,reversal,4.11,53.8,27.5,0.84,6.75,True
2026-07-27,3698,reversal,4.89,57.5,18.0,0.82,6.3,True
2026-07-27,728,reversal,4.66,51.8,15.3,0.75,1.97,True
2026-07-27,941,reversal,82.5,69.5,29.6,0.71,4.1,True
2026-07-27,3988,reversal,5.38,62.6,20.2,0.69,5.49,True
2026-07-27,1658,reversal,4.94,56.1,23.8,0.68,4.0,True
2026-07-27,1963,reversal,8.23,65.3,31.2,0.67,10.17,True
2026-07-27,6818,reversal,3.18,59.5,21.2,0.64,6.35,True
2026-07-27,3311,reversal,8.2,60.8,32.2,0.64,11.11,True
2026-07-27,267,reversal,12.14,60.2,28.4,0.63,9.17,True
2026-07-27,1133,reversal,16.14,50.8,25.2,0.62,7.53,True
2026-07-27,270,reversal,8.16,60.8,24.4,0.61,6.95,True
2026-07-27,956,reversal,3.19,50.0,33.5,0.59,4.59,True
2026-07-27,3,reversal,6.97,64.8,33.5,0.53,5.13,True
2026-07-27,9988,reversal,111.0,51.0,20.0,0.51,0.27,True
2026-07-27,83,reversal,10.79,51.6,23.6,0.49,5.06,True
2026-07-27,916,reversal,5.74,57.2,22.4,0.47,10.6,True
2026-07-27,762,reversal,6.68,52.7,21.0,0.45,3.09,True
2026-07-27,285,reversal,23.54,50.7,26.0,0.45,9.69,True
2026-07-27,2016,reversal,2.36,59.5,25.7,0.43,6.79,True
2026-07-27,2883,reversal,7.01,51.1,26.7,0.42,4.94,True
2026-07-27,1816,reversal,2.86,51.2,32.8,0.41,3.62,True
2026-07-27,1828,reversal,29.96,55.8,16.6,0.4,3.81,True
2026-07-27,1193,reversal,16.08,54.6,36.9,0.4,7.85,True
2026-07-27,1585,reversal,10.3,54.2,15.6,0.39,8.19,True
2026-07-27,1766,reversal,4.91,56.2,28.8,0.33,9.84,True
2026-07-27,1508,reversal,1.35,69.8,30.6,0.28,18.42,True
2026-07-27,3969,reversal,3.27,51.0,21.1,0.27,1.55,True
2026-07-27,89988,reversal,95.7,50.6,21.9,0.22,-0.1,True
2026-07-27,80941,reversal,71.25,68.0,30.6,0.2,3.86,True
2026-07-27,89618,reversal,102.0,58.9,22.5,0.12,9.03,True
2026-07-27,1606,reversal,1.46,52.8,29.5,0.11,12.31,True
2026-07-27,2356,gaining_momentum,14.77,79.8,25.4,3.93,22.07,True
2026-07-27,23,gaining_momentum,15.47,82.1,28.0,2.94,17.46,True
2026-07-27,2218,gaining_momentum,17.4,51.0,16.0,2.81,7.94,True
2026-07-27,622,gaining_momentum,2.71,79.0,21.5,2.64,27.83,True
2026-07-27,2378,gaining_momentum,115.2,65.7,16.1,2.22,5.59,True
2026-07-27,2282,gaining_momentum,10.9,60.4,18.0,2.09,7.28,True
2026-07-28,1288,trending,6.2,69.8,27.7,1.33,11.91,True
2026-07-28,1548,trending,16.81,69.8,35.6,1.26,17.72,True
2026-07-28,2618,trending,14.16,67.3,35.8,1.25,9.01,True
2026-07-28,3328,trending,7.5,66.8,26.4,1.21,8.07,True
2026-07-28,1398,trending,7.36,69.2,27.7,1.09,7.92,True
2026-07-28,1626,trending,23.48,64.0,45.2,0.97,17.17,True
2026-07-28,2689,trending,7.49,54.2,25.8,0.94,-1.06,True
2026-07-28,1308,trending,39.0,72.0,27.3,0.9,10.36,True
2026-07-28,1919,trending,15.8,72.3,26.8,0.89,7.7,True
2026-07-28,270,trending,8.33,66.4,25.6,0.84,7.35,True
2026-07-28,823,trending,39.26,59.7,34.1,0.71,3.37,True
2026-07-28,1579,trending,15.25,60.4,27.4,0.67,3.25,True
2026-07-28,300,trending,96.35,68.8,28.7,0.64,7.59,True
2026-07-28,2359,trending,156.6,57.4,31.7,0.62,-0.95,True
2026-07-28,6160,trending,195.3,61.4,34.5,0.61,5.11,True
2026-07-28,5,trending,162.0,72.9,27.0,0.6,6.16,True
2026-07-28,1801,trending,89.9,55.0,25.0,0.46,-0.17,True
2026-07-28,6127,trending,23.9,58.2,34.8,0.46,7.66,True
2026-07-28,2269,trending,38.58,59.1,29.7,0.42,0.99,True
2026-07-28,9969,trending,14.1,58.8,34.9,0.37,-1.74,True
2026-07-28,6821,trending,117.2,52.7,27.0,0.3,-8.15,True
2026-07-28,3759,trending,23.38,65.0,49.7,0.23,-0.93,True
2026-07-28,6990,trending,508.5,55.9,32.4,0.22,2.07,True
2026-07-28,3698,early_uptrend,5.21,67.7,18.8,3.52,14.0,True
2026-07-28,2356,early_uptrend,15.29,82.4,28.6,2.62,24.82,True
2026-07-28,2328,early_uptrend,16.22,71.9,15.0,2.47,13.74,True
2026-07-28,939,early_uptrend,9.13,70.6,23.2,2.0,11.61,True
2026-07-28,2630,early_uptrend,90.0,68.8,30.9,1.84,68.07,True
2026-07-28,23,early_uptrend,15.84,84.1,30.6,1.62,18.83,True
2026-07-28,2510,early_uptrend,8.83,67.9,21.9,1.57,11.21,True
2026-07-28,87,early_uptrend,14.76,78.2,28.0,1.44,13.36,True
2026-07-28,1288,early_uptrend,6.2,69.8,27.7,1.33,11.91,True
2026-07-28,2618,early_uptrend,14.16,67.3,35.8,1.25,9.01,True
2026-07-28,590,early_uptrend,24.44,65.3,16.0,1.22,8.14,True
2026-07-28,3328,early_uptrend,7.5,66.8,26.4,1.21,8.07,True
2026-07-28,939,reversal,9.13,70.6,23.2,2.0,11.61,True
2026-07-28,2630,reversal,90.0,68.8,30.9,1.84,68.07,True
2026-07-28,1658,reversal,4.98,58.5,24.6,1.51,4.18,True
2026-07-28,2016,reversal,2.4,63.5,26.3,1.49,7.14,True
2026-07-28,762,reversal,6.79,57.0,20.4,1.45,5.93,True
2026-07-28,6196,reversal,0.91,53.6,26.5,1.39,3.41,True
2026-07-28,3311,reversal,8.41,65.5,33.0,1.24,13.19,True
2026-07-28,868,reversal,9.11,53.4,15.9,1.24,3.17,True
2026-07-28,3328,reversal,7.5,66.8,26.4,1.21,8.07,True
2026-07-28,1766,reversal,4.97,59.3,27.7,1.16,8.75,True
2026-07-28,1071,reversal,4.14,55.5,26.2,1.15,6.15,True
2026-07-28,2388,reversal,51.85,77.2,26.5,1.14,12.28,True
2026-07-28,390,reversal,3.59,59.1,20.8,1.02,6.21,True
2026-07-28,1880,reversal,50.65,51.2,26.1,0.98,5.65,True
2026-07-28,6993,reversal,3.29,71.5,30.0,0.97,13.45,True
2026-07-28,3988,reversal,5.45,65.4,21.5,0.93,7.5,True
2026-07-28,836,reversal,19.19,57.7,27.4,0.9,7.63,True
2026-07-28,3,reversal,7.05,69.1,34.4,0.89,5.38,True
2026-07-28,6818,reversal,3.18,59.5,21.9,0.87,6.35,True
2026-07-28,82388,reversal,44.82,77.2,27.5,0.86,12.5,True
2026-07-28,2026,reversal,57.8,50.7,17.1,0.85,8.04,True
2026-07-28,270,reversal,8.33,66.4,25.6,0.84,7.35,True
2026-07-28,941,reversal,83.25,72.9,30.6,0.82,5.25,True
2026-07-28,267,reversal,12.06,57.8,28.3,0.79,7.3,True
2026-07-28,1876,reversal,6.79,58.0,24.6,0.77,6.93,True
2026-07-28,177,reversal,10.06,54.3,19.0,0.72,3.5,True
2026-07-28,1963,reversal,8.28,66.6,31.4,0.71,10.25,True
2026-07-28,1585,reversal,10.6,60.3,15.4,0.7,10.76,True
2026-07-28,956,reversal,3.21,51.5,32.1,0.69,2.23,True
2026-07-28,1157,reversal,7.5,55.8,19.1,0.65,10.78,True
2026-07-28,998,reversal,7.62,65.1,27.0,0.64,9.33,True
2026-07-28,6887,reversal,36.3,53.5,38.4,0.62,-0.82,True
2026-07-28,384,reversal,5.97,53.0,26.1,0.61,8.35,True
2026-07-28,916,reversal,5.71,55.9,21.9,0.49,8.35,True
2026-07-28,168,reversal,46.42,53.9,16.9,0.49,6.22,True
2026-07-28,1816,reversal,2.88,53.1,31.1,0.48,5.88,True
2026-07-28,6198,reversal,7.07,61.3,24.7,0.48,6.96,True
2026-07-28,902,reversal,5.97,50.0,25.7,0.44,5.48,True
2026-07-28,1508,reversal,1.37,71.4,31.1,0.42,21.24,True
2026-07-28,960,reversal,6.75,50.3,18.6,0.34,5.14,True
2026-07-28,1828,reversal,29.46,50.5,16.6,0.31,1.8,True
2026-07-28,3969,reversal,3.27,51.0,19.9,0.29,1.24,True
2026-07-28,80941,reversal,71.7,70.5,31.4,0.26,4.82,True
2026-07-28,2356,gaining_momentum,15.29,82.4,28.6,2.62,24.82,True
2026-07-28,2328,gaining_momentum,16.22,71.9,15.0,2.47,13.74,True
2026-07-28,939,gaining_momentum,9.13,70.6,23.2,2.0,11.61,True
2026-07-28,440,gaining_momentum,49.52,83.7,34.8,1.83,20.84,True
2026-07-29,1398,trending,7.48,72.2,29.7,1.68,10.16,True
2026-07-29,1288,trending,6.32,72.5,29.7,1.51,14.29,True
2026-07-29,2618,trending,14.63,72.2,37.9,1.4,10.25,True
2026-07-29,300,trending,98.4,72.7,30.4,1.34,7.07,True
2026-07-29,3328,trending,7.57,68.8,28.0,1.24,9.71,True
2026-07-29,1626,trending,22.62,60.2,44.6,1.11,3.67,True
2026-07-29,622,trending,2.67,74.9,26.1,1.09,27.75,True
2026-07-29,6990,trending,497.6,52.7,30.8,1.04,-7.25,True
2026-07-29,1308,trending,39.46,73.6,29.3,1.04,11.41,True
2026-07-29,1,trending,72.55,61.9,25.0,1.01,1.26,True
2026-07-29,1548,trending,17.4,72.3,37.0,1.01,17.41,True
2026-07-29,270,trending,8.41,68.7,27.1,0.97,8.66,True
2026-07-29,823,trending,39.36,60.6,33.8,0.88,2.23,True
2026-07-29,2689,trending,7.76,58.9,25.4,0.85,6.01,True
2026-07-29,2359,trending,158.6,59.5,31.9,0.76,-3.94,True
2026-07-29,2269,trending,39.38,62.3,29.8,0.74,-0.4,True
2026-07-29,3866,trending,4.86,66.9,26.0,0.7,5.19,True
2026-07-29,1579,trending,15.69,65.4,27.8,0.68,3.77,True
2026-07-29,1919,trending,15.77,71.4,28.3,0.65,6.2,True
2026-07-29,6160,trending,199.1,64.5,34.9,0.54,5.68,True
2026-07-29,2096,trending,12.86,62.9,42.4,0.48,-1.0,True
2026-07-29,3759,trending,23.24,63.6,49.8,0.42,-7.11,True
2026-07-29,9969,trending,13.99,57.3,34.0,0.4,-5.47,True
2026-07-29,6127,trending,23.6,56.8,34.4,0.28,-14.12,True
2026-07-29,9858,early_uptrend,4.24,72.8,33.7,3.54,28.1,True
2026-07-29,23,early_uptrend,16.18,85.7,33.3,2.59,19.94,True
2026-07-29,2510,early_uptrend,8.94,69.9,24.0,2.52,11.19,True
2026-07-29,2630,early_uptrend,79.4,58.5,31.8,2.37,35.73,True
2026-07-29,7618,early_uptrend,13.88,58.7,11.6,2.07,3.43,True
2026-07-29,2328,early_uptrend,16.69,75.4,17.2,1.92,16.96,True
2026-07-29,2507,early_uptrend,43.82,68.8,23.2,1.89,22.88,True
2026-07-29,1038,early_uptrend,62.8,62.8,18.2,1.65,2.45,True
2026-07-29,2356,early_uptrend,14.97,75.9,31.7,1.59,20.43,True
2026-07-29,939,early_uptrend,9.21,72.0,24.8,1.53,12.73,True
2026-07-29,1288,early_uptrend,6.32,72.5,29.7,1.51,14.29,True
2026-07-29,2618,early_uptrend,14.63,72.2,37.9,1.4,10.25,True
2026-07-29,3328,early_uptrend,7.57,68.8,28.0,1.24,9.71,True
2026-07-29,3968,early_uptrend,50.4,70.8,25.5,1.22,9.09,True
2026-07-29,525,early_uptrend,2.31,64.6,24.2,1.22,4.52,True
2026-07-29,6993,reversal,3.38,76.0,31.2,2.42,13.42,True
2026-07-29,2630,reversal,79.4,58.5,31.8,2.37,35.73,True
2026-07-29,1880,reversal,52.8,58.6,25.0,1.96,4.45,True
2026-07-29,1766,reversal,5.25,70.2,28.8,1.94,14.38,True
2026-07-29,2016,reversal,2.41,64.4,27.1,1.91,6.17,True
2026-07-29,2097,reversal,229.0,51.9,21.0,1.89,4.66,True
2026-07-29,762,reversal,6.81,57.8,20.6,1.8,6.24,True
2026-07-29,2382,reversal,61.2,51.3,21.8,1.65,10.17,True
2026-07-29,1963,reversal,8.37,68.8,31.6,1.33,10.13,True
2026-07-29,1876,reversal,6.93,61.9,25.4,1.3,9.13,True
2026-07-29,2333,reversal,9.24,51.9,35.3,1.29,5.12,True
2026-07-29,2039,reversal,7.87,54.8,17.8,1.25,10.38,True
2026-07-29,6196,reversal,0.92,57.0,25.0,1.18,3.37,True
2026-07-29,3,reversal,7.14,73.0,35.9,1.17,7.21,True
2026-07-29,921,reversal,23.38,52.4,10.8,1.17,4.37,True
2026-07-29,168,reversal,47.08,57.4,17.0,1.15,6.28,True
2026-07-29,1157,reversal,7.62,58.8,18.2,1.11,10.12,True
2026-07-29,868,reversal,9.31,57.3,15.7,1.08,5.32,True
2026-07-29,902,reversal,6.18,56.5,24.5,1.03,9.38,True
2026-07-29,579,reversal,1.94,53.2,29.7,1.03,4.3,True
2026-07-29,2026,reversal,60.3,55.6,16.9,1.0,7.2,True
2026-07-29,270,reversal,8.41,68.7,27.1,0.97,8.66,True
2026-07-29,6887,reversal,38.72,59.0,37.0,0.97,4.31,True
2026-07-29,267,reversal,12.3,62.6,28.3,0.92,9.04,True
2026-07-29,288,reversal,8.51,53.4,16.7,0.91,4.8,True
2026-07-29,6198,reversal,7.18,65.0,25.6,0.85,7.81,True
2026-07-29,1171,reversal,11.99,51.5,21.7,0.8,5.64,True
2026-07-29,956,reversal,3.28,56.4,29.8,0.79,2.82,True
2026-07-29,384,reversal,6.19,60.1,26.0,0.76,10.73,True
2026-07-29,390,reversal,3.61,60.6,21.3,0.73,4.34,True
2026-07-29,991,reversal,2.55,51.5,17.7,0.53,6.69,True
2026-07-29,1898,reversal,10.86,51.7,28.4,0.48,6.16,True
2026-07-29,3969,reversal,3.3,53.7,19.1,0.37,-1.49,True
2026-07-29,1606,reversal,1.45,51.3,27.4,0.29,7.41,True
2026-07-29,9973,gaining_momentum,26.74,58.3,21.8,2.63,3.8,True
2026-07-29,23,gaining_momentum,16.18,85.7,33.3,2.59,19.94,True
2026-07-29,6993,gaining_momentum,3.38,76.0,31.2,2.42,13.42,True
2026-07-29,81810,gaining_momentum,27.5,74.7,30.3,2.21,23.21,True
2026-07-29,2460,gaining_momentum,7.97,61.5,16.5,2.12,7.12,True
2026-07-29,9863,gaining_momentum,42.18,64.6,16.7,2.06,16.97,True
2026-07-29,1810,gaining_momentum,31.88,73.8,31.6,2.05,23.28,True
2026-07-29,1972,gaining_momentum,23.76,71.8,28.7,2.05,9.39,True
2026-07-29,9899,gaining_momentum,131.1,65.3,14.2,1.98,12.05,True
2026-07-29,2328,gaining_momentum,16.69,75.4,17.2,1.92,16.96,True
2026-07-29,2218,gaining_momentum,17.75,52.8,18.1,1.92,11.57,True
2026-07-29,2016,gaining_momentum,2.41,64.4,27.1,1.91,6.17,True
2026-07-29,87,gaining_momentum,15.1,81.0,30.6,1.89,15.62,True
2026-07-29,2097,gaining_momentum,229.0,51.9,21.0,1.89,4.66,True
2026-07-30,939,trending,9.36,74.6,26.6,1.53,14.29,True
2026-07-30,1,trending,72.95,63.3,25.2,1.41,3.55,True
2026-07-30,3328,trending,7.67,71.4,29.8,1.3,11.32,True
2026-07-30,3866,trending,4.97,71.3,28.0,1.29,7.81,True
2026-07-30,1972,trending,24.22,74.9,30.3,1.27,9.3,True
2026-07-30,2269,trending,37.8,53.5,28.3,1.2,-3.87,True
2026-07-30,270,trending,8.52,71.5,28.7,1.15,10.51,True
2026-07-30,1548,trending,17.2,70.2,37.8,1.08,18.7,True
2026-07-30,300,trending,98.9,73.6,32.2,1.04,7.79,True
2026-07-30,525,trending,2.33,66.7,25.9,1.04,6.39,True
2026-07-30,293,trending,14.49,68.5,30.9,0.99,10.44,True
2026-07-30,1308,trending,39.5,73.7,30.8,0.78,12.86,True
2026-07-30,2359,trending,157.7,58.1,31.2,0.76,-2.65,True
2026-07-30,6160,trending,196.1,60.4,34.1,0.72,2.78,True
2026-07-30,823,trending,39.5,61.9,33.5,0.72,1.86,True
2026-07-30,1919,trending,15.82,72.0,29.7,0.69,6.75,True
2026-07-30,3759,trending,22.58,57.3,48.4,0.67,-9.54,True
2026-07-30,1579,trending,15.98,68.2,28.6,0.66,4.86,True
2026-07-30,2689,trending,7.76,58.9,25.1,0.65,3.88,True
2026-07-30,2096,trending,12.51,56.7,40.4,0.47,-4.72,True
2026-07-30,9901,early_uptrend,47.44,81.2,21.4,4.41,19.38,True
2026-07-30,1963,early_uptrend,8.72,75.6,32.9,3.1,14.74,True
2026-07-30,7618,early_uptrend,13.54,54.3,11.1,2.8,-1.31,True
2026-07-30,2618,early_uptrend,15.16,76.4,40.3,2.73,11.06,True
2026-07-30,23,early_uptrend,16.48,87.0,36.0,2.28,22.07,True
2026-07-30,941,early_uptrend,84.8,78.5,33.7,2.03,6.53,True
2026-07-30,1288,early_uptrend,6.51,76.2,32.1,1.99,16.04,True
2026-07-30,1768,early_uptrend,396.4,57.0,19.2,1.91,2.96,True
2026-07-30,3698,early_uptrend,5.13,63.4,20.2,1.81,8.46,True
2026-07-30,142,early_uptrend,5.62,73.4,31.6,1.75,7.05,True
2026-07-30,1038,early_uptrend,62.55,60.4,18.8,1.58,2.12,True
2026-07-30,939,early_uptrend,9.36,74.6,26.6,1.53,14.29,True
2026-07-30,3968,early_uptrend,51.2,73.8,27.3,1.49,10.58,True
2026-07-30,2328,early_uptrend,16.8,76.1,19.4,1.49,17.73,True
2026-07-30,9858,early_uptrend,4.3,73.7,36.1,1.48,25.73,True
2026-07-30,1113,early_uptrend,48.54,66.0,20.3,1.42,2.53,True
2026-07-30,2356,early_uptrend,15.06,76.4,34.6,1.42,20.67,True
2026-07-30,2507,early_uptrend,44.3,69.7,24.4,1.35,18.51,True
2026-07-30,3328,early_uptrend,7.67,71.4,29.8,1.3,11.32,True
2026-07-30,1972,early_uptrend,24.22,74.9,30.3,1.27,9.3,True
2026-07-30,1199,early_uptrend,5.41,73.7,24.2,1.26,9.29,True
2026-07-30,2510,early_uptrend,8.86,66.6,25.8,1.22,8.71,True
2026-07-30,1963,reversal,8.72,75.6,32.9,3.1,14.74,True
2026-07-30,168,reversal,48.56,64.0,18.2,2.49,8.1,True
2026-07-30,390,reversal,3.65,63.4,22.1,1.84,5.49,True
2026-07-30,762,reversal,6.78,56.2,20.7,1.61,4.31,True
2026-07-30,1880,reversal,52.85,58.7,24.3,1.5,4.24,True
2026-07-30,1766,reversal,5.33,72.4,30.0,1.48,15.12,True
2026-07-30,2097,reversal,227.4,51.0,20.3,1.43,0.26,True
2026-07-30,6887,reversal,40.2,62.0,35.1,1.24,9.54,True
2026-07-30,288,reversal,8.62,56.9,16.5,1.18,3.86,True
2026-07-30,267,reversal,12.43,64.9,28.6,1.16,10.0,True
2026-07-30,270,reversal,8.52,71.5,28.7,1.15,10.51,True
2026-07-30,956,reversal,3.33,59.5,28.3,1.14,5.71,True
2026-07-30,6196,reversal,0.94,62.8,24.3,1.14,5.62,True
2026-07-30,2333,reversal,9.35,54.3,33.3,1.13,6.13,True
2026-07-30,1138,reversal,13.97,51.3,14.9,0.99,14.7,True
2026-07-30,384,reversal,6.3,63.0,26.4,0.89,9.38,True
2026-07-30,2026,reversal,59.55,53.9,16.5,0.88,4.38,True
2026-07-30,1157,reversal,7.58,57.4,17.6,0.82,9.22,True
2026-07-30,2880,reversal,0.72,54.1,46.2,0.81,7.46,True
2026-07-30,579,reversal,1.96,56.1,27.9,0.8,6.52,True
2026-07-30,1171,reversal,12.06,52.4,20.7,0.77,8.55,True
2026-07-30,6993,reversal,3.3,66.0,32.7,0.75,6.45,True
2026-07-30,2016,reversal,2.42,65.4,28.0,0.74,7.56,True
2026-07-30,921,reversal,23.6,54.1,11.3,0.67,4.42,True
2026-07-30,6198,reversal,7.21,65.9,26.5,0.6,8.1,True
2026-07-30,902,reversal,6.11,54.0,23.5,0.58,8.91,True
2026-07-30,2039,reversal,7.69,51.2,17.6,0.33,10.65,True
2026-07-30,1876,gaining_momentum,7.05,64.9,27.5,6.05,8.63,True
2026-07-30,1963,gaining_momentum,8.72,75.6,32.9,3.1,14.74,True
2026-07-30,9927,gaining_momentum,48.04,52.1,29.8,2.86,6.24,True
2026-07-30,656,gaining_momentum,4.79,77.0,22.1,2.83,11.66,True
2026-07-30,168,gaining_momentum,48.56,64.0,18.2,2.49,8.1,True
2026-07-30,23,gaining_momentum,16.48,87.0,36.0,2.28,22.07,True
2026-07-30,1398,gaining_momentum,7.64,75.6,32.1,2.05,11.05,True
2026-07-30,941,gaining_momentum,84.8,78.5,33.7,2.03,6.53,True
2026-07-30,1288,gaining_momentum,6.51,76.2,32.1,1.99,16.04,True
2026-07-30,9980,gaining_momentum,124.0,59.9,21.2,1.94,7.92,True
2026-07-30,6690,gaining_momentum,22.72,68.8,21.6,1.87,7.17,True
2026-07-30,1044,gaining_momentum,25.88,71.7,22.2,1.82,7.74,True
2026-07-31,1963,trending,8.56,68.3,33.1,2.17,12.04,True
2026-07-31,1288,trending,6.31,66.1,33.3,1.82,11.09,True
2026-07-31,622,trending,2.72,74.4,29.5,1.73,29.52,True
2026-07-31,6823,trending,13.27,74.8,37.5,1.71,8.06,True
2026-07-31,3328,trending,7.56,65.0,30.1,1.62,8.46,True
2026-07-31,1548,trending,18.06,73.8,39.2,1.59,36.61,True
2026-07-31,525,trending,2.29,59.1,26.3,1.55,2.69,True
2026-07-31,1398,trending,7.51,68.3,33.4,1.33,8.68,True
2026-07-31,270,trending,8.47,68.5,30.3,1.3,7.22,True
2026-07-31,1,trending,73.6,65.4,25.9,1.24,3.95,True
2026-07-31,2618,trending,15.02,73.2,42.5,1.21,12.17,True
2026-07-31,6993,trending,3.18,54.5,32.1,1.17,3.25,True
2026-07-31,998,trending,7.73,64.7,30.2,1.14,9.65,True
2026-07-31,3866,trending,4.87,63.1,29.1,1.12,5.18,True
2026-07-31,939,trending,9.21,67.9,27.1,1.1,11.1,True
2026-07-31,2096,trending,12.35,54.0,39.0,1.02,-2.06,True
2026-07-31,1972,trending,23.9,69.2,31.9,0.98,7.27,True
2026-07-31,1919,trending,15.77,70.4,30.1,0.95,5.2,True
2026-07-31,1579,trending,15.55,60.3,29.1,0.95,2.98,True
2026-07-31,2510,trending,8.89,67.3,27.5,0.95,8.41,True
2026-07-31,300,trending,99.35,74.4,33.8,0.87,7.7,True
2026-07-31,823,trending,39.12,56.6,33.4,0.86,-0.25,True
2026-07-31,2269,trending,38.74,57.4,26.9,0.82,4.76,True
2026-07-31,1308,trending,39.48,73.5,32.2,0.81,10.03,True
2026-07-31,2359,trending,160.7,61.3,31.1,0.77,5.03,True
2026-07-31,3928,trending,27.0,59.9,34.7,0.76,8.0,True
2026-07-31,293,trending,14.6,69.7,31.7,0.69,11.11,True
2026-07-31,6160,trending,194.0,57.6,33.3,0.64,4.53,True
2026-07-31,316,trending,153.1,72.8,31.5,0.59,5.59,True
2026-07-31,2314,trending,4.01,74.4,42.0,0.59,18.64,True
2026-07-31,3759,trending,22.9,59.4,47.2,0.32,-1.29,True
2026-07-31,2378,early_uptrend,118.6,68.5,15.0,2.54,7.14,True
2026-07-31,9901,early_uptrend,45.28,70.0,24.7,2.48,16.28,True
2026-07-31,1963,early_uptrend,8.56,68.3,33.1,2.17,12.04,True
2026-07-31,1038,early_uptrend,62.6,60.7,18.3,1.85,0.56,True
2026-07-31,1288,early_uptrend,6.31,66.1,33.3,1.82,11.09,True
2026-07-31,941,early_uptrend,83.65,67.0,34.2,1.78,4.63,True
2026-07-31,3328,early_uptrend,7.56,65.0,30.1,1.62,8.46,True
2026-07-31,7618,early_uptrend,13.95,58.3,10.7,1.57,6.98,True
2026-07-31,2328,early_uptrend,16.4,68.0,20.3,1.56,15.66,True
2026-07-31,525,early_uptrend,2.29,59.1,26.3,1.55,2.69,True
2026-07-31,3968,early_uptrend,50.9,70.9,28.6,1.53,8.11,True
2026-07-31,1199,early_uptrend,5.33,67.0,25.3,1.53,5.96,True
2026-07-31,9987,early_uptrend,372.8,66.8,21.0,1.47,7.19,True
2026-07-31,144,early_uptrend,15.29,67.7,28.9,1.43,9.14,True
2026-07-31,66,early_uptrend,33.12,60.9,21.9,1.41,1.85,True
2026-07-31,2630,early_uptrend,95.15,66.7,34.0,1.33,68.11,True
2026-07-31,270,early_uptrend,8.47,68.5,30.3,1.3,7.22,True
2026-07-31,1766,reversal,5.26,67.6,31.2,2.22,13.61,True
2026-07-31,1963,reversal,8.56,68.3,33.1,2.17,12.04,True
2026-07-31,288,reversal,8.45,50.6,15.6,1.96,2.55,True
2026-07-31,956,reversal,3.29,56.0,27.1,1.83,7.52,True
2026-07-31,579,reversal,1.93,51.0,25.9,1.39,3.76,True
2026-07-31,6887,reversal,41.82,65.0,33.1,1.27,49.36,True
2026-07-31,6993,reversal,3.18,54.5,32.1,1.17,3.25,True
2026-07-31,2026,reversal,62.3,58.9,16.5,1.13,21.44,True
2026-07-31,267,reversal,12.37,62.9,28.6,0.96,9.47,True
2026-07-31,1138,reversal,13.91,50.8,14.1,0.81,16.89,True
2026-07-31,2097,reversal,226.6,50.5,19.2,0.74,5.89,True
2026-07-31,6198,reversal,7.11,60.1,26.3,0.69,5.65,True
2026-07-31,1157,reversal,7.57,57.0,16.8,0.6,11.16,True
2026-07-31,921,reversal,23.52,53.3,11.3,0.53,5.09,True
2026-07-31,2880,reversal,0.72,54.1,44.0,0.23,9.09,True
2026-07-31,552,gaining_momentum,4.27,65.2,19.9,4.91,4.4,True
2026-07-31,2232,gaining_momentum,6.48,66.1,21.4,3.91,9.64,True
2026-07-31,2688,gaining_momentum,46.94,61.2,34.2,3.2,11.71,True
2026-07-31,9980,gaining_momentum,125.0,60.9,20.7,2.97,13.84,True
2026-07-31,1357,gaining_momentum,4.72,61.0,15.1,2.8,19.19,True
2026-07-31,6651,gaining_momentum,65.6,46.9,27.5,2.54,14.39,True
2026-07-31,9901,gaining_momentum,45.28,70.0,24.7,2.48,16.28,True
2026-07-31,14,gaining_momentum,18.65,66.9,28.6,2.14,4.48,True
2026-07-31,9927,gaining_momentum,47.8,51.4,28.3,2.1,13.59,True
2026-07-31,3888,gaining_momentum,26.76,67.0,22.8,2.03,12.82,True
2026-07-31,666,gaining_momentum,10.79,42.1,34.5,2.02,5.99,True
2026-07-31,2525,gaining_momentum,16.76,54.4,16.6,1.86,15.03,True
2026-07-31,268,gaining_momentum,8.33,67.3,18.6,1.85,24.33,True
2026-08-03,1548,trending,16.3,58.1,39.0,2.02,16.01,True
2026-08-03,19,trending,97.95,74.9,41.2,1.37,11.82,True
2026-08-03,1288,trending,6.19,60.9,33.7,1.36,4.74,True
2026-08-03,3328,trending,7.59,65.9,30.3,1.02,4.98,True
2026-08-03,1972,trending,23.86,68.5,33.3,1.0,7.57,True
2026-08-03,1398,trending,7.495,67.5,34.7,0.98,5.41,True
2026-08-03,6993,trending,3.185,54.8,30.3,0.98,0.79,True
2026-08-03,1,trending,73.0,61.8,26.7,0.97,3.55,True
2026-08-03,1308,trending,39.14,69.9,32.9,0.94,8.54,True
2026-08-03,525,trending,2.285,58.2,26.7,0.94,1.56,True
2026-08-03,316,trending,149.6,63.9,31.4,0.9,1.91,True
2026-08-03,2359,trending,162.9,63.5,31.3,0.88,3.63,True
2026-08-03,1919,trending,15.45,61.3,30.3,0.88,1.71,True
2026-08-03,823,trending,39.14,56.8,33.1,0.83,-0.15,True
2026-08-03,2510,trending,8.875,66.6,29.1,0.81,6.03,True
2026-08-03,622,trending,2.67,69.8,30.5,0.8,27.14,True
2026-08-03,1963,trending,8.48,64.9,33.5,0.79,7.07,True
2026-08-03,1579,trending,15.32,56.6,28.6,0.76,-1.29,True
2026-08-03,939,trending,9.2,67.5,27.6,0.75,6.36,True
2026-08-03,998,trending,7.725,64.4,30.8,0.71,6.26,True
2026-08-03,270,trending,8.4,64.3,31.0,0.71,3.45,True
2026-08-03,3988,trending,5.485,64.4,25.3,0.69,4.28,True
2026-08-03,2388,trending,51.65,71.5,33.7,0.67,9.66,True
2026-08-03,87,trending,14.66,67.0,35.7,0.64,10.39,True
2026-08-03,2269,trending,38.8,57.6,25.7,0.57,1.41,True
2026-08-03,3866,trending,4.86,62.3,30.3,0.54,2.53,True
2026-08-03,6160,trending,190.9,53.7,31.3,0.5,-0.31,True
2026-08-03,300,trending,97.75,66.7,35.0,0.49,3.6,True
2026-08-03,945,trending,346.0,68.5,25.8,0.41,2.13,True
2026-08-03,293,trending,14.55,68.4,32.5,0.4,12.1,True
2026-08-03,1070,trending,16.12,60.3,25.2,0.33,9.36,True
2026-08-03,6127,trending,22.72,52.8,29.9,0.32,-3.57,True
2026-08-03,3759,trending,22.7,57.5,46.1,0.2,-3.32,True
2026-08-03,82388,trending,44.5,71.7,34.6,0.13,9.99,True
2026-08-03,7618,early_uptrend,13.58,53.7,10.5,2.35,-0.95,True
2026-08-03,9901,early_uptrend,47.42,73.9,28.0,2.13,19.33,True
2026-08-03,2232,early_uptrend,6.615,68.8,22.7,2.02,10.8,True
2026-08-03,9987,early_uptrend,384.8,71.3,23.0,1.59,9.63,True
2026-08-03,2328,early_uptrend,16.16,63.7,20.9,1.37,10.61,True
2026-08-03,1288,early_uptrend,6.19,60.9,33.7,1.36,4.74,True
2026-08-03,2630,early_uptrend,91.85,63.8,35.4,1.2,76.3,True
2026-08-03,2706,reversal,38.96,50.2,37.8,4.68,17.42,True
2026-08-03,3800,reversal,0.68,57.3,17.1,2.31,17.24,True
2026-08-03,2727,reversal,3.4,51.8,24.4,1.82,7.26,True
2026-08-03,1157,reversal,7.62,58.4,16.0,1.75,9.01,True
2026-08-03,2276,reversal,33.9,57.4,31.2,1.47,19.53,True
2026-08-03,3898,reversal,35.4,51.1,16.8,1.26,5.04,True
2026-08-03,2880,reversal,0.735,59.9,40.9,1.21,8.09,True
2026-08-03,2018,reversal,40.28,50.7,12.4,1.12,3.44,True
2026-08-03,6993,reversal,3.185,54.8,30.3,0.98,0.79,True
2026-08-03,1133,reversal,16.57,54.2,18.6,0.86,26.49,True
2026-08-03,1138,reversal,14.44,55.3,14.0,0.77,21.86,True
2026-08-03,2026,reversal,61.25,56.4,16.4,0.68,14.17,True
2026-08-03,1766,reversal,5.285,68.4,32.0,0.66,9.88,True
2026-08-03,991,reversal,2.59,54.3,16.7,0.64,3.6,True
2026-08-03,921,reversal,23.64,54.4,10.9,0.62,3.32,True
2026-08-03,3996,reversal,1.12,51.6,16.1,0.55,2.75,True
2026-08-03,6887,reversal,38.44,55.2,31.3,0.42,15.44,True
2026-08-03,6865,gaining_momentum,7.73,68.9,25.3,3.68,19.47,True
2026-08-03,69,gaining_momentum,4.305,66.0,24.7,2.95,6.03,True
2026-08-03,3800,gaining_momentum,0.68,57.3,17.1,2.31,17.24,True
2026-08-03,9901,gaining_momentum,47.42,73.9,28.0,2.13,19.33,True
2026-08-03,3888,gaining_momentum,28.14,72.2,25.2,2.04,14.76,True
2026-08-03,2232,gaining_momentum,6.615,68.8,22.7,2.02,10.8,True
2026-08-03,23,gaining_momentum,17.21,89.5,41.4,1.99,24.44,True
